{"meta":{"type":"db","canSave":true,"canEdit":true,"canAdmin":true,"canStar":true,"slug":"dashboard-export-import","url":"/d/hAx8Y2nZz/dashboard-export-import","expires":"0001-01-01T00:00:00Z","created":"2019-06-14T21:15:11Z","updated":"2019-06-14T21:15:11Z","updatedBy":"patrick.delosreyes@azureadminquestanalytics.onmicrosoft.com","createdBy":"patrick.delosreyes@azureadminquestanalytics.onmicrosoft.com","version":1,"hasAcl":false,"isFolder":false,"folderId":0,"folderTitle":"General","folderUrl":"","provisioned":false,"provisionedExternalId":""},"dashboard":{"__requires":[{"id":"grafana","name":"Grafana","type":"grafana","version":"5.0.0"},{"id":"text","name":"Text","type":"panel","version":"5.0.0"}],"annotations":{"list":[{"builtIn":1,"datasource":"-- Grafana --","enable":true,"hide":true,"iconColor":"rgba(0, 211, 255, 1)","name":"Annotations \u0026 Alerts","type":"dashboard"}]},"description":"One button, which will export all Grafana dashboards and download them as a zip file + importer.","editable":false,"gnetId":5837,"graphTooltip":0,"id":72,"links":[],"panels":[{"content":"\u003cscript type='text/javascript' src='https://cdnjs.cloudflare.com/ajax/libs/jszip/3.1.5/jszip.min.js'\u003e\u003c/script\u003e\n\u003cscript type='text/javascript' src='https://cdnjs.cloudflare.com/ajax/libs/jszip-utils/0.0.2/jszip-utils.min.js'\u003e\u003c/script\u003e\n\u003cscript type='text/javascript' src='https://cdnjs.cloudflare.com/ajax/libs/FileSaver.js/1.3.8/FileSaver.min.js'\u003e\u003c/script\u003e\n\n\u003cscript type='text/javascript'\u003e\nfunction resetMessage () {\n    $(\"#result\")\n    .removeClass()\n    .text(\"\");\n    $(\"#apiresult2\")\n    .removeClass()\n    .text(\"\");\n}\nfunction showMessage(text, id) {\n    resetMessage();\n    $(id)\n    .addClass(\"alert alert-success\")\n    .text(text);\n}\nfunction showError(text, id) {\n    resetMessage();\n    $(id)\n    .addClass(\"alert alert-danger\")\n    .text(text);\n}\nfunction updatePercent(percent) {\n    $(\"#progress_bar\").removeClass(\"hide\")\n    .find(\".progress-bar\")\n    .attr(\"aria-valuenow\", percent)\n    .css({\n        width : percent + \"%\"\n    });\n}\n\nfunction urlToPromise(url) {\n    return new Promise(function(resolve, reject) {\n        JSZipUtils.getBinaryContent(url, function (err, data) {\n            if(err) {\n                reject(err);\n            } else {\n                resolve(data);\n            }\n        });\n    });\n}\n\nvar $form = $(\"#download_form\").on(\"submit\", function () {\n\n    resetMessage();\n    showMessage(\"Starting export ...\", \"#result\");\n    if(!JSZip.support.blob) {\n      showError(\"Sorry, this Grafana dashboard works only with a recent browser !\");\n      return;\n    }\n    var Promise = window.Promise;\n    if (!Promise) {\n      Promise = JSZip.external.Promise;\n    }\n\n    var zip = new JSZip();\n\n    // get all dashboards\n    $.ajax({\n        type: 'GET',\n        url: '/api/search',\n        data: 'query=\u0026type=dash-db',\n        dataType: 'json',\n        async: false,\n        success: function (data) {\n            $.each(data, function(index, el) {\n              if ('folderTitle' in el) {\n                zipname = el.folderTitle.replace(/[:/]{1}/g,\"-\") + '/' + el.title.replace(/[:/]{1}/g,\"-\") + '.json';\n              } else {\n                zipname = el.title.replace(/[:/]{1}/g,\"-\") + '.json';\n              }\n              zip.file(zipname, urlToPromise(\"/api/dashboards/uid/\" + el.uid), {binary:true});\n            });\n        }\n    });\n\n    // when everything has been downloaded, we can trigger the dl\n    zip.generateAsync({type:\"blob\"}, function updateCallback(metadata) {\n        var msg = \"Exporting: \" + metadata.percent.toFixed(2) + \" %\";\n        if(metadata.currentFile) {\n            msg += \", processing dashboard: \" + metadata.currentFile;\n        }\n        showMessage(msg, \"#result\");\n        updatePercent(metadata.percent|0);\n    })\n    .then(function callback(blob) {\n        filename = \"grafana-dashboards-\" + new Date().getTime() + \".zip\";\n        saveAs(blob, filename);\n        showMessage(\"Done!\", \"#result\");\n    }, function (e) {\n        showError(e);\n    });\n\n    return false;\n});\n\u003c/script\u003e\n\n\u003cform action=\"#\" id=\"download_form\"\u003e\n    \u003cbutton type=\"submit\" class=\"btn btn-primary\"\u003e\u003ci class=\"fa fa-save\"\u003e\u003c/i\u003e Download all dashboards\u003c/button\u003e\n    \u003cbr/\u003e\u003cbr/\u003e\n\u003c/form\u003e\n\n\u003cdiv class=\"progress hide\" id=\"progress_bar\"\u003e\n    \u003cdiv class=\"progress-bar\" role=\"progressbar\" aria-valuenow=\"0\" aria-valuemin=\"0\" aria-valuemax=\"100\" style=\"width: 0%;\"\u003e\n    \u003c/div\u003e\n\u003c/div\u003e\n\n\u003cp class=\"hide\" id=\"result\"\u003e\u003c/p\u003e","gridPos":{"h":4,"w":24,"x":0,"y":0},"id":2,"links":[],"mode":"html","title":"Grafana Dashboard Exporter","transparent":true,"type":"text"},{"content":"\u003cform\u003e\n  \u003cdiv class=\"gf-form-group\"\u003e\n    Content of one dashboard json file:\n    \u003ctextarea class=\"gf-form-input\" id=\"inputdata2\" name=\"inputdata2\" autocorrect=\"off\" autocapitalize=\"off\" spellcheck=\"false\" style=\"height: 100px; width: 100%;\" wrap=\"off\"\u003e\u003c/textarea\u003e\n    \u003cbr\u003e\n    \n    \u003cdiv class=\"gf-form-inline\"\u003e\n        \u003cdiv class=\"gf-form max-width-12\"\u003e\n           \u003cbutton type=\"submit\" class=\"btn btn-primary\" onClick=\"importDashboard(); return false;\"\u003e\u003ci class=\"fa fa-upload\"\u003e\u003c/i\u003e Import dasboard\u003c/button\u003e\n        \u003c/div\u003e\n        \u003c!-- gf-form-switch class=\"gf-form\" label=\"Force Dashboard Overwrite\" checked=\"ctrl.current.isDefault\" switch-class=\"max-width-6\"\u003e\n        \u003clabel for=\"check-113\" class=\"gf-form-label width-16 pointer\" ng-show=\"ctrl.label\"\u003e\n          Force Dashboard Overwrite (TODO)\n        \u003c/label\u003e\n        \u003cdiv class=\"gf-form-switch max-width-6\" ng-if=\"ctrl.show\"\u003e\n          \u003cinput id=\"check-113\" ng-model=\"ctrl.checked\" ng-change=\"ctrl.internalOnChange()\" class=\"ng-pristine ng-untouched ng-valid ng-empty\" type=\"checkbox\"\u003e\n          \u003clabel for=\"check-113\" data-on=\"Yes\" data-off=\"No\"\u003e\u003c/label\u003e\n        \u003c/div\u003e\n        \u003c/gf-form-switch --\u003e\n    \u003c/div\u003e\n    \u003cbr/\u003e\u003cbr/\u003e\n    \u003cdiv id=\"apiresult2\"\u003e\u003c/div\u003e\n  \u003c/div\u003e\n\u003c/form\u003e\n\n\u003cscript type=\"text/javascript\"\u003e\nfunction importDashboard() {\n  showMessage(\"Starting import ...\", \"#apiresult2\");\n  if ($('#inputdata2').val().trim() === \"\") {\n    showError(\"Error: empty input\", \"#apiresult2\");\n    return;\n  }\n  try {\n      postdata = JSON.parse($('#inputdata2').val());\n  } catch(e) {\n      showError(\"Error: JSON parser - \" + e, \"#apiresult2\");\n      return;\n  }\n  postdata[\"overwrite\"] = true;\n  \n  $.ajax({\n    type: 'POST',\n    url: \"/api/dashboards/db\",\n    data: JSON.stringify(postdata),\n    contentType: \"application/json\",\n    dataType: \"json\",\n    processData: false,\n    async: false,\n    success: function(data){\n      showMessage(\"API response: \" + JSON.stringify(data), \"#apiresult2\")\n    },\n    error: function(xhr, status, error) {\n      showMessage(\"request error: \" + error + status + xhr, \"#apiresult2\")\n    }\n  });\n}\n\n\u003c/script\u003e","gridPos":{"h":8,"w":24,"x":0,"y":4},"id":9,"links":[],"mode":"html","title":"Grafana Dashboard Importer","transparent":true,"type":"text"},{"content":"\u003ca style=\"float: right\" href=\"http://www.monitoringartist.com\" target=\"_blank\" title=\"Dashboard maintained by Monitoring Artist - DevOps / Docker / Kubernetes / AWS ECS / Google GCP / Zabbix / Zenoss / Terraform / Monitoring\"\u003e\u003cimg src=\"https://monitoringartist.github.io/monitoring-artist-logo-grafana.png\" height=\"30px\" /\u003e\u003c/a\u003e\u003ca style=\"float: left\" target=\"_blank\" href=\"https://grafana.com/dashboards/5837\"\u003eInstalled from Grafana.com dashboards\u003c/a\u003e","gridPos":{"h":3,"w":24,"x":0,"y":12},"id":11,"links":[],"mode":"html","title":"","transparent":true,"type":"text"}],"schemaVersion":16,"style":"dark","tags":["monitoringartist"],"templating":{"list":[]},"time":{"from":"now-6h","to":"now"},"timepicker":{"hidden":false,"refresh_intervals":["5s","10s","30s","1m","5m","15m","30m","1h","2h","1d"],"time_options":["5m","15m","1h","6h","12h","24h","2d","7d","30d"]},"timezone":"","title":"Dashboard Export/Import","uid":"hAx8Y2nZz","version":1}}