{"meta":{"type":"db","canSave":true,"canEdit":true,"canAdmin":true,"canStar":true,"slug":"sit-web-apps","url":"/d/-W7frK7Zk/sit-web-apps","expires":"0001-01-01T00:00:00Z","created":"2019-06-13T19:17:23Z","updated":"2019-06-13T19:39:55Z","updatedBy":"patrick.delosreyes@azureadminquestanalytics.onmicrosoft.com","createdBy":"patrick.delosreyes@azureadminquestanalytics.onmicrosoft.com","version":8,"hasAcl":false,"isFolder":false,"folderId":58,"folderTitle":"Web Apps","folderUrl":"/dashboards/f/6XqlOnXmk/web-apps","provisioned":false,"provisionedExternalId":""},"dashboard":{"annotations":{"list":[{"builtIn":1,"datasource":"-- Grafana --","enable":true,"hide":true,"iconColor":"rgba(0, 211, 255, 1)","name":"Annotations \u0026 Alerts","type":"dashboard"}]},"editable":true,"gnetId":null,"graphTooltip":0,"id":67,"links":[],"panels":[{"aliasColors":{},"bars":false,"dashLength":10,"dashes":false,"datasource":"DevelopmentMonitor","description":"","fill":1,"gridPos":{"h":5,"w":24,"x":0,"y":0},"id":14,"legend":{"alignAsTable":true,"avg":false,"current":true,"max":false,"min":false,"rightSide":true,"show":true,"total":false,"values":true},"lines":true,"linewidth":1,"links":[],"nullPointMode":"null","paceLength":10,"percentage":false,"pointradius":5,"points":false,"renderer":"flot","seriesOverrides":[],"spaceLength":10,"stack":false,"steppedLine":false,"targets":[{"appInsights":{"groupBy":"none","metricName":"select","rawQuery":false,"rawQueryString":"","spliton":"","timeGrainType":"auto","xaxis":"timestamp","yaxis":""},"azureLogAnalytics":{"query":"//change this example to create your own time series query\n\u003ctable name\u003e                                                              //the table to query (e.g. Usage, Heartbeat, Perf)\n| where $__timeFilter(TimeGenerated)                                      //this is a macro used to show the full chart’s time range, choose the datetime column here\n| summarize count() by \u003cgroup by column\u003e, bin(TimeGenerated, $__interval) //change “group by column” to a column in your table, such as “Computer”. The $__interval macro is used to auto-select the time grain. Can also use 1h, 5m etc.\n| order by TimeGenerated asc","resultFormat":"time_series","workspace":"046a50f5-b707-4248-b5b5-ada551a71035"},"azureMonitor":{"aggOptions":["None","Average","Minimum","Maximum","Total","Count"],"aggregation":"Maximum","alias":"MAX CPU - Omnius","dimension":"None","dimensionFilter":"*","dimensions":[{"text":"None","value":"None"},{"text":"Instance","value":"Instance"}],"metricDefinition":"Microsoft.Web/serverFarms","metricName":"CpuPercentage","resourceGroup":"questsit","resourceName":"questsit","timeGrain":"auto","timeGrains":[{"text":"auto","value":"auto"},{"text":"1 minute","value":"PT1M"},{"text":"5 minutes","value":"PT5M"},{"text":"15 minutes","value":"PT15M"},{"text":"30 minutes","value":"PT30M"},{"text":"1 hour","value":"PT1H"},{"text":"6 hours","value":"PT6H"},{"text":"12 hours","value":"PT12H"},{"text":"1 day","value":"P1D"}]},"queryType":"Azure Monitor","refId":"A"},{"appInsights":{"groupBy":"none","metricName":"select","rawQuery":false,"rawQueryString":"","spliton":"","timeGrainType":"auto","xaxis":"timestamp","yaxis":""},"azureLogAnalytics":{"query":"//change this example to create your own time series query\n\u003ctable name\u003e                                                              //the table to query (e.g. Usage, Heartbeat, Perf)\n| where $__timeFilter(TimeGenerated)                                      //this is a macro used to show the full chart’s time range, choose the datetime column here\n| summarize count() by \u003cgroup by column\u003e, bin(TimeGenerated, $__interval) //change “group by column” to a column in your table, such as “Computer”. The $__interval macro is used to auto-select the time grain. Can also use 1h, 5m etc.\n| order by TimeGenerated asc","resultFormat":"time_series","workspace":"046a50f5-b707-4248-b5b5-ada551a71035"},"azureMonitor":{"aggOptions":["None","Average","Minimum","Maximum","Total","Count"],"aggregation":"Maximum","alias":"MAX Memory - Omnius","dimension":"None","dimensionFilter":"*","dimensions":[{"text":"None","value":"None"},{"text":"Instance","value":"Instance"}],"metricDefinition":"Microsoft.Web/serverFarms","metricName":"MemoryPercentage","resourceGroup":"questsit","resourceName":"questsit","timeGrain":"auto","timeGrains":[{"text":"auto","value":"auto"},{"text":"1 minute","value":"PT1M"},{"text":"5 minutes","value":"PT5M"},{"text":"15 minutes","value":"PT15M"},{"text":"30 minutes","value":"PT30M"},{"text":"1 hour","value":"PT1H"},{"text":"6 hours","value":"PT6H"},{"text":"12 hours","value":"PT12H"},{"text":"1 day","value":"P1D"}]},"queryType":"Azure Monitor","refId":"B"},{"appInsights":{"groupBy":"none","metricName":"select","rawQuery":false,"rawQueryString":"","spliton":"","timeGrainType":"auto","xaxis":"timestamp","yaxis":""},"azureLogAnalytics":{"query":"//change this example to create your own time series query\n\u003ctable name\u003e                                                              //the table to query (e.g. Usage, Heartbeat, Perf)\n| where $__timeFilter(TimeGenerated)                                      //this is a macro used to show the full chart’s time range, choose the datetime column here\n| summarize count() by \u003cgroup by column\u003e, bin(TimeGenerated, $__interval) //change “group by column” to a column in your table, such as “Computer”. The $__interval macro is used to auto-select the time grain. Can also use 1h, 5m etc.\n| order by TimeGenerated asc","resultFormat":"time_series","workspace":"046a50f5-b707-4248-b5b5-ada551a71035"},"azureMonitor":{"aggOptions":["None","Average","Minimum","Maximum","Total","Count"],"aggregation":"Average","alias":"Avg CPU - Omnius","dimension":"None","dimensionFilter":"*","dimensions":[{"text":"None","value":"None"},{"text":"Instance","value":"Instance"}],"metricDefinition":"Microsoft.Web/serverFarms","metricName":"CpuPercentage","resourceGroup":"questsit","resourceName":"questsit","timeGrain":"PT1M","timeGrains":[{"text":"auto","value":"auto"},{"text":"1 minute","value":"PT1M"},{"text":"5 minutes","value":"PT5M"},{"text":"15 minutes","value":"PT15M"},{"text":"30 minutes","value":"PT30M"},{"text":"1 hour","value":"PT1H"},{"text":"6 hours","value":"PT6H"},{"text":"12 hours","value":"PT12H"},{"text":"1 day","value":"P1D"}]},"queryType":"Azure Monitor","refId":"C"},{"appInsights":{"groupBy":"none","metricName":"select","rawQuery":false,"rawQueryString":"","spliton":"","timeGrainType":"auto","xaxis":"timestamp","yaxis":""},"azureLogAnalytics":{"query":"//change this example to create your own time series query\n\u003ctable name\u003e                                                              //the table to query (e.g. Usage, Heartbeat, Perf)\n| where $__timeFilter(TimeGenerated)                                      //this is a macro used to show the full chart’s time range, choose the datetime column here\n| summarize count() by \u003cgroup by column\u003e, bin(TimeGenerated, $__interval) //change “group by column” to a column in your table, such as “Computer”. The $__interval macro is used to auto-select the time grain. Can also use 1h, 5m etc.\n| order by TimeGenerated asc","resultFormat":"time_series","workspace":"046a50f5-b707-4248-b5b5-ada551a71035"},"azureMonitor":{"aggOptions":["None","Average","Minimum","Maximum","Total","Count"],"aggregation":"Average","alias":"Avg Memory - Omnius","dimension":"None","dimensionFilter":"*","dimensions":[{"text":"None","value":"None"},{"text":"Instance","value":"Instance"}],"metricDefinition":"Microsoft.Web/serverFarms","metricName":"MemoryPercentage","resourceGroup":"questsit","resourceName":"questsit","timeGrain":"PT1M","timeGrains":[{"text":"auto","value":"auto"},{"text":"1 minute","value":"PT1M"},{"text":"5 minutes","value":"PT5M"},{"text":"15 minutes","value":"PT15M"},{"text":"30 minutes","value":"PT30M"},{"text":"1 hour","value":"PT1H"},{"text":"6 hours","value":"PT6H"},{"text":"12 hours","value":"PT12H"},{"text":"1 day","value":"P1D"}]},"queryType":"Azure Monitor","refId":"D"}],"thresholds":[],"timeFrom":null,"timeRegions":[],"timeShift":null,"title":"App Service Plan CPU \u0026 Memory","tooltip":{"shared":true,"sort":2,"value_type":"individual"},"transparent":true,"type":"graph","xaxis":{"buckets":null,"mode":"time","name":null,"show":true,"values":[]},"yaxes":[{"format":"percent","label":null,"logBase":1,"max":"100","min":null,"show":true},{"format":"percent","label":null,"logBase":1,"max":null,"min":null,"show":true}],"yaxis":{"align":false,"alignLevel":null}},{"aliasColors":{},"bars":false,"dashLength":10,"dashes":false,"datasource":"DevelopmentMonitor","fill":1,"gridPos":{"h":9,"w":24,"x":0,"y":5},"id":3,"legend":{"alignAsTable":true,"avg":false,"current":true,"max":false,"min":false,"rightSide":true,"show":true,"total":false,"values":true},"lines":true,"linewidth":1,"links":[],"nullPointMode":"null","paceLength":10,"percentage":false,"pointradius":5,"points":false,"renderer":"flot","seriesOverrides":[],"spaceLength":10,"stack":false,"steppedLine":false,"targets":[{"appInsights":{"groupBy":"none","metricName":"select","rawQuery":false,"rawQueryString":"","spliton":"","timeGrainType":"auto","xaxis":"timestamp","yaxis":""},"azureLogAnalytics":{"query":"//change this example to create your own time series query\n\u003ctable name\u003e                                                              //the table to query (e.g. Usage, Heartbeat, Perf)\n| where $__timeFilter(TimeGenerated)                                      //this is a macro used to show the full chart’s time range, choose the datetime column here\n| summarize count() by \u003cgroup by column\u003e, bin(TimeGenerated, $__interval) //change “group by column” to a column in your table, such as “Computer”. The $__interval macro is used to auto-select the time grain. Can also use 1h, 5m etc.\n| order by TimeGenerated asc","resultFormat":"time_series","workspace":"502a68d4-d9e2-4132-8be8-b73119eb3361"},"azureMonitor":{"aggOptions":["None","Average","Minimum","Maximum","Total","Count"],"aggregation":"Total","alias":"{{resourcename}} {{dimensionvalue}}","dimension":"None","dimensionFilter":"*","dimensions":[{"text":"None","value":"None"},{"text":"Instance","value":"Instance"}],"metricDefinition":"Microsoft.Web/sites","metricName":"CpuTime","resourceGroup":"questsit","resourceName":"questsit","timeGrain":"auto","timeGrains":[{"text":"auto","value":"auto"},{"text":"1 minute","value":"PT1M"},{"text":"5 minutes","value":"PT5M"},{"text":"15 minutes","value":"PT15M"},{"text":"30 minutes","value":"PT30M"},{"text":"1 hour","value":"PT1H"},{"text":"6 hours","value":"PT6H"},{"text":"12 hours","value":"PT12H"},{"text":"1 day","value":"P1D"}]},"queryType":"Azure Monitor","refId":"C"},{"appInsights":{"groupBy":"none","metricName":"select","rawQuery":false,"rawQueryString":"","spliton":"","timeGrainType":"auto","xaxis":"timestamp","yaxis":""},"azureLogAnalytics":{"query":"//change this example to create your own time series query\n\u003ctable name\u003e                                                              //the table to query (e.g. Usage, Heartbeat, Perf)\n| where $__timeFilter(TimeGenerated)                                      //this is a macro used to show the full chart’s time range, choose the datetime column here\n| summarize count() by \u003cgroup by column\u003e, bin(TimeGenerated, $__interval) //change “group by column” to a column in your table, such as “Computer”. The $__interval macro is used to auto-select the time grain. Can also use 1h, 5m etc.\n| order by TimeGenerated asc","resultFormat":"time_series","workspace":"502a68d4-d9e2-4132-8be8-b73119eb3361"},"azureMonitor":{"aggOptions":["None","Average","Minimum","Maximum","Total","Count"],"aggregation":"Total","alias":"{{resourcename}} {{dimensionvalue}}","dimension":"None","dimensionFilter":"*","dimensions":[{"text":"None","value":"None"},{"text":"Instance","value":"Instance"}],"metricDefinition":"Microsoft.Web/sites","metricName":"CpuTime","resourceGroup":"questsit","resourceName":"questsit-api","timeGrain":"auto","timeGrains":[{"text":"auto","value":"auto"},{"text":"1 minute","value":"PT1M"},{"text":"5 minutes","value":"PT5M"},{"text":"15 minutes","value":"PT15M"},{"text":"30 minutes","value":"PT30M"},{"text":"1 hour","value":"PT1H"},{"text":"6 hours","value":"PT6H"},{"text":"12 hours","value":"PT12H"},{"text":"1 day","value":"P1D"}]},"queryType":"Azure Monitor","refId":"D"},{"appInsights":{"groupBy":"none","metricName":"select","rawQuery":false,"rawQueryString":"","spliton":"","timeGrainType":"auto","xaxis":"timestamp","yaxis":""},"azureLogAnalytics":{"query":"//change this example to create your own time series query\n\u003ctable name\u003e                                                              //the table to query (e.g. Usage, Heartbeat, Perf)\n| where $__timeFilter(TimeGenerated)                                      //this is a macro used to show the full chart’s time range, choose the datetime column here\n| summarize count() by \u003cgroup by column\u003e, bin(TimeGenerated, $__interval) //change “group by column” to a column in your table, such as “Computer”. The $__interval macro is used to auto-select the time grain. Can also use 1h, 5m etc.\n| order by TimeGenerated asc","resultFormat":"time_series","workspace":"502a68d4-d9e2-4132-8be8-b73119eb3361"},"azureMonitor":{"aggOptions":["None","Average","Minimum","Maximum","Total","Count"],"aggregation":"Total","alias":"{{resourcename}} {{dimensionvalue}}","dimension":"None","dimensionFilter":"*","dimensions":[{"text":"None","value":"None"},{"text":"Instance","value":"Instance"}],"metricDefinition":"Microsoft.Web/sites","metricName":"CpuTime","resourceGroup":"questsit","resourceName":"questsit-custom","timeGrain":"auto","timeGrains":[{"text":"auto","value":"auto"},{"text":"1 minute","value":"PT1M"},{"text":"5 minutes","value":"PT5M"},{"text":"15 minutes","value":"PT15M"},{"text":"30 minutes","value":"PT30M"},{"text":"1 hour","value":"PT1H"},{"text":"6 hours","value":"PT6H"},{"text":"12 hours","value":"PT12H"},{"text":"1 day","value":"P1D"}]},"queryType":"Azure Monitor","refId":"A"},{"appInsights":{"groupBy":"none","metricName":"select","rawQuery":false,"rawQueryString":"","spliton":"","timeGrainType":"auto","xaxis":"timestamp","yaxis":""},"azureLogAnalytics":{"query":"//change this example to create your own time series query\n\u003ctable name\u003e                                                              //the table to query (e.g. Usage, Heartbeat, Perf)\n| where $__timeFilter(TimeGenerated)                                      //this is a macro used to show the full chart’s time range, choose the datetime column here\n| summarize count() by \u003cgroup by column\u003e, bin(TimeGenerated, $__interval) //change “group by column” to a column in your table, such as “Computer”. The $__interval macro is used to auto-select the time grain. Can also use 1h, 5m etc.\n| order by TimeGenerated asc","resultFormat":"time_series","workspace":"502a68d4-d9e2-4132-8be8-b73119eb3361"},"azureMonitor":{"aggOptions":["None","Average","Minimum","Maximum","Total","Count"],"aggregation":"Total","alias":"{{resourcename}} {{dimensionvalue}}","dimension":"None","dimensionFilter":"*","dimensions":[{"text":"None","value":"None"},{"text":"Instance","value":"Instance"}],"metricDefinition":"Microsoft.Web/sites","metricName":"CpuTime","resourceGroup":"questsit","resourceName":"questsit-custom-api","timeGrain":"auto","timeGrains":[{"text":"auto","value":"auto"},{"text":"1 minute","value":"PT1M"},{"text":"5 minutes","value":"PT5M"},{"text":"15 minutes","value":"PT15M"},{"text":"30 minutes","value":"PT30M"},{"text":"1 hour","value":"PT1H"},{"text":"6 hours","value":"PT6H"},{"text":"12 hours","value":"PT12H"},{"text":"1 day","value":"P1D"}]},"queryType":"Azure Monitor","refId":"B"},{"appInsights":{"groupBy":"none","metricName":"select","rawQuery":false,"rawQueryString":"","spliton":"","timeGrainType":"auto","xaxis":"timestamp","yaxis":""},"azureLogAnalytics":{"query":"//change this example to create your own time series query\n\u003ctable name\u003e                                                              //the table to query (e.g. Usage, Heartbeat, Perf)\n| where $__timeFilter(TimeGenerated)                                      //this is a macro used to show the full chart’s time range, choose the datetime column here\n| summarize count() by \u003cgroup by column\u003e, bin(TimeGenerated, $__interval) //change “group by column” to a column in your table, such as “Computer”. The $__interval macro is used to auto-select the time grain. Can also use 1h, 5m etc.\n| order by TimeGenerated asc","resultFormat":"time_series","workspace":"502a68d4-d9e2-4132-8be8-b73119eb3361"},"azureMonitor":{"aggOptions":["None","Average","Minimum","Maximum","Total","Count"],"aggregation":"Total","alias":"{{resourcename}} {{dimensionvalue}}","dimension":"None","dimensionFilter":"*","dimensions":[{"text":"None","value":"None"},{"text":"Instance","value":"Instance"}],"metricDefinition":"Microsoft.Web/sites","metricName":"CpuTime","resourceGroup":"Default-Web-WestUS","resourceName":"questsandbox-auth","timeGrain":"auto","timeGrains":[{"text":"auto","value":"auto"},{"text":"1 minute","value":"PT1M"},{"text":"5 minutes","value":"PT5M"},{"text":"15 minutes","value":"PT15M"},{"text":"30 minutes","value":"PT30M"},{"text":"1 hour","value":"PT1H"},{"text":"6 hours","value":"PT6H"},{"text":"12 hours","value":"PT12H"},{"text":"1 day","value":"P1D"}]},"queryType":"Azure Monitor","refId":"F"},{"appInsights":{"groupBy":"none","metricName":"select","rawQuery":false,"rawQueryString":"","spliton":"","timeGrainType":"auto","xaxis":"timestamp","yaxis":""},"azureLogAnalytics":{"query":"//change this example to create your own time series query\n\u003ctable name\u003e                                                              //the table to query (e.g. Usage, Heartbeat, Perf)\n| where $__timeFilter(TimeGenerated)                                      //this is a macro used to show the full chart’s time range, choose the datetime column here\n| summarize count() by \u003cgroup by column\u003e, bin(TimeGenerated, $__interval) //change “group by column” to a column in your table, such as “Computer”. The $__interval macro is used to auto-select the time grain. Can also use 1h, 5m etc.\n| order by TimeGenerated asc","resultFormat":"time_series","workspace":"502a68d4-d9e2-4132-8be8-b73119eb3361"},"azureMonitor":{"aggOptions":["None","Average","Minimum","Maximum","Total","Count"],"aggregation":"Total","alias":"Functions - Function Execution Units","dimension":"None","dimensionFilter":"*","dimensions":[{"text":"None","value":"None"},{"text":"Instance","value":"Instance"}],"metricDefinition":"Microsoft.Web/sites","metricName":"FunctionExecutionUnits","resourceGroup":"Default-Web-WestUS","resourceName":"OmniusSandboxFunctions","timeGrain":"auto","timeGrains":[{"text":"auto","value":"auto"},{"text":"1 minute","value":"PT1M"},{"text":"5 minutes","value":"PT5M"},{"text":"15 minutes","value":"PT15M"},{"text":"30 minutes","value":"PT30M"},{"text":"1 hour","value":"PT1H"},{"text":"6 hours","value":"PT6H"},{"text":"12 hours","value":"PT12H"},{"text":"1 day","value":"P1D"}]},"queryType":"Azure Monitor","refId":"G"},{"appInsights":{"groupBy":"none","metricName":"select","rawQuery":false,"rawQueryString":"","spliton":"","timeGrainType":"auto","xaxis":"timestamp","yaxis":""},"azureLogAnalytics":{"query":"//change this example to create your own time series query\n\u003ctable name\u003e                                                              //the table to query (e.g. Usage, Heartbeat, Perf)\n| where $__timeFilter(TimeGenerated)                                      //this is a macro used to show the full chart’s time range, choose the datetime column here\n| summarize count() by \u003cgroup by column\u003e, bin(TimeGenerated, $__interval) //change “group by column” to a column in your table, such as “Computer”. The $__interval macro is used to auto-select the time grain. Can also use 1h, 5m etc.\n| order by TimeGenerated asc","resultFormat":"time_series","workspace":"502a68d4-d9e2-4132-8be8-b73119eb3361"},"azureMonitor":{"aggOptions":["None","Average","Minimum","Maximum","Total","Count"],"aggregation":"Total","alias":"custom-api Instance: {{dimensionvalue}}","dimension":"None","dimensionFilter":"*","dimensions":[{"text":"None","value":"None"},{"text":"Instance","value":"Instance"}],"metricDefinition":"Microsoft.Web/sites","metricName":"CpuTime","resourceGroup":"questsit","resourceName":"questsit-custom-api","timeGrain":"auto","timeGrains":[{"text":"auto","value":"auto"},{"text":"1 minute","value":"PT1M"},{"text":"5 minutes","value":"PT5M"},{"text":"15 minutes","value":"PT15M"},{"text":"30 minutes","value":"PT30M"},{"text":"1 hour","value":"PT1H"},{"text":"6 hours","value":"PT6H"},{"text":"12 hours","value":"PT12H"},{"text":"1 day","value":"P1D"}]},"queryType":"Azure Monitor","refId":"H"}],"thresholds":[],"timeFrom":null,"timeRegions":[],"timeShift":null,"title":"CPU Time","tooltip":{"shared":true,"sort":2,"value_type":"individual"},"transparent":true,"type":"graph","xaxis":{"buckets":null,"mode":"time","name":null,"show":true,"values":[]},"yaxes":[{"format":"short","label":null,"logBase":1,"max":null,"min":null,"show":true},{"format":"short","label":null,"logBase":1,"max":null,"min":null,"show":true}],"yaxis":{"align":false,"alignLevel":null}},{"aliasColors":{},"bars":false,"dashLength":10,"dashes":false,"datasource":"DevelopmentMonitor","decimals":null,"fill":1,"gridPos":{"h":9,"w":24,"x":0,"y":14},"id":13,"legend":{"alignAsTable":true,"avg":false,"current":true,"max":false,"min":false,"rightSide":true,"show":true,"total":false,"values":true},"lines":true,"linewidth":1,"links":[],"nullPointMode":"null","paceLength":10,"percentage":false,"pointradius":5,"points":false,"renderer":"flot","seriesOverrides":[],"spaceLength":10,"stack":false,"steppedLine":false,"targets":[{"appInsights":{"groupBy":"none","metricName":"select","rawQuery":false,"rawQueryString":"","spliton":"","timeGrainType":"auto","xaxis":"timestamp","yaxis":""},"azureLogAnalytics":{"query":"//change this example to create your own time series query\n\u003ctable name\u003e                                                              //the table to query (e.g. Usage, Heartbeat, Perf)\n| where $__timeFilter(TimeGenerated)                                      //this is a macro used to show the full chart’s time range, choose the datetime column here\n| summarize count() by \u003cgroup by column\u003e, bin(TimeGenerated, $__interval) //change “group by column” to a column in your table, such as “Computer”. The $__interval macro is used to auto-select the time grain. Can also use 1h, 5m etc.\n| order by TimeGenerated asc","resultFormat":"time_series","workspace":"502a68d4-d9e2-4132-8be8-b73119eb3361"},"azureMonitor":{"aggOptions":["None","Average","Minimum","Maximum","Total","Count"],"aggregation":"Average","alias":"{{resourcename}} {{dimensionvalue}}","dimension":"None","dimensionFilter":"*","dimensions":[{"text":"None","value":"None"},{"text":"Instance","value":"Instance"}],"metricDefinition":"Microsoft.Web/sites","metricName":"AverageMemoryWorkingSet","resourceGroup":"questsit","resourceName":"questsit","timeGrain":"auto","timeGrains":[{"text":"auto","value":"auto"},{"text":"1 minute","value":"PT1M"},{"text":"5 minutes","value":"PT5M"},{"text":"15 minutes","value":"PT15M"},{"text":"30 minutes","value":"PT30M"},{"text":"1 hour","value":"PT1H"},{"text":"6 hours","value":"PT6H"},{"text":"12 hours","value":"PT12H"},{"text":"1 day","value":"P1D"}]},"queryType":"Azure Monitor","refId":"C"},{"appInsights":{"groupBy":"none","metricName":"select","rawQuery":false,"rawQueryString":"","spliton":"","timeGrainType":"auto","xaxis":"timestamp","yaxis":""},"azureLogAnalytics":{"query":"//change this example to create your own time series query\n\u003ctable name\u003e                                                              //the table to query (e.g. Usage, Heartbeat, Perf)\n| where $__timeFilter(TimeGenerated)                                      //this is a macro used to show the full chart’s time range, choose the datetime column here\n| summarize count() by \u003cgroup by column\u003e, bin(TimeGenerated, $__interval) //change “group by column” to a column in your table, such as “Computer”. The $__interval macro is used to auto-select the time grain. Can also use 1h, 5m etc.\n| order by TimeGenerated asc","resultFormat":"time_series","workspace":"502a68d4-d9e2-4132-8be8-b73119eb3361"},"azureMonitor":{"aggOptions":["None","Average","Minimum","Maximum","Total","Count"],"aggregation":"Average","alias":"{{resourcename}} {{dimensionvalue}}","dimension":"None","dimensionFilter":"*","dimensions":[{"text":"None","value":"None"},{"text":"Instance","value":"Instance"}],"metricDefinition":"Microsoft.Web/sites","metricName":"AverageMemoryWorkingSet","resourceGroup":"questsit","resourceName":"questsit-api","timeGrain":"auto","timeGrains":[{"text":"auto","value":"auto"},{"text":"1 minute","value":"PT1M"},{"text":"5 minutes","value":"PT5M"},{"text":"15 minutes","value":"PT15M"},{"text":"30 minutes","value":"PT30M"},{"text":"1 hour","value":"PT1H"},{"text":"6 hours","value":"PT6H"},{"text":"12 hours","value":"PT12H"},{"text":"1 day","value":"P1D"}]},"queryType":"Azure Monitor","refId":"D"},{"appInsights":{"groupBy":"none","metricName":"select","rawQuery":false,"rawQueryString":"","spliton":"","timeGrainType":"auto","xaxis":"timestamp","yaxis":""},"azureLogAnalytics":{"query":"//change this example to create your own time series query\n\u003ctable name\u003e                                                              //the table to query (e.g. Usage, Heartbeat, Perf)\n| where $__timeFilter(TimeGenerated)                                      //this is a macro used to show the full chart’s time range, choose the datetime column here\n| summarize count() by \u003cgroup by column\u003e, bin(TimeGenerated, $__interval) //change “group by column” to a column in your table, such as “Computer”. The $__interval macro is used to auto-select the time grain. Can also use 1h, 5m etc.\n| order by TimeGenerated asc","resultFormat":"time_series","workspace":"502a68d4-d9e2-4132-8be8-b73119eb3361"},"azureMonitor":{"aggOptions":["None","Average","Minimum","Maximum","Total","Count"],"aggregation":"Average","alias":"{{resourcename}} {{dimensionvalue}}","dimension":"None","dimensionFilter":"*","dimensions":[{"text":"None","value":"None"},{"text":"Instance","value":"Instance"}],"metricDefinition":"Microsoft.Web/sites","metricName":"AverageMemoryWorkingSet","resourceGroup":"questsit","resourceName":"questsit-custom","timeGrain":"auto","timeGrains":[{"text":"auto","value":"auto"},{"text":"1 minute","value":"PT1M"},{"text":"5 minutes","value":"PT5M"},{"text":"15 minutes","value":"PT15M"},{"text":"30 minutes","value":"PT30M"},{"text":"1 hour","value":"PT1H"},{"text":"6 hours","value":"PT6H"},{"text":"12 hours","value":"PT12H"},{"text":"1 day","value":"P1D"}]},"queryType":"Azure Monitor","refId":"A"},{"appInsights":{"groupBy":"none","metricName":"select","rawQuery":false,"rawQueryString":"","spliton":"","timeGrainType":"auto","xaxis":"timestamp","yaxis":""},"azureLogAnalytics":{"query":"//change this example to create your own time series query\n\u003ctable name\u003e                                                              //the table to query (e.g. Usage, Heartbeat, Perf)\n| where $__timeFilter(TimeGenerated)                                      //this is a macro used to show the full chart’s time range, choose the datetime column here\n| summarize count() by \u003cgroup by column\u003e, bin(TimeGenerated, $__interval) //change “group by column” to a column in your table, such as “Computer”. The $__interval macro is used to auto-select the time grain. Can also use 1h, 5m etc.\n| order by TimeGenerated asc","resultFormat":"time_series","workspace":"502a68d4-d9e2-4132-8be8-b73119eb3361"},"azureMonitor":{"aggOptions":["None","Average","Minimum","Maximum","Total","Count"],"aggregation":"Average","alias":"{{resourcename}} {{dimensionvalue}}","dimension":"None","dimensionFilter":"*","dimensions":[{"text":"None","value":"None"},{"text":"Instance","value":"Instance"}],"metricDefinition":"Microsoft.Web/sites","metricName":"MemoryWorkingSet","resourceGroup":"questsit","resourceName":"questsit-custom-api","timeGrain":"auto","timeGrains":[{"text":"auto","value":"auto"},{"text":"1 minute","value":"PT1M"},{"text":"5 minutes","value":"PT5M"},{"text":"15 minutes","value":"PT15M"},{"text":"30 minutes","value":"PT30M"},{"text":"1 hour","value":"PT1H"},{"text":"6 hours","value":"PT6H"},{"text":"12 hours","value":"PT12H"},{"text":"1 day","value":"P1D"}]},"queryType":"Azure Monitor","refId":"B"},{"appInsights":{"groupBy":"none","metricName":"select","rawQuery":false,"rawQueryString":"","spliton":"","timeGrainType":"auto","xaxis":"timestamp","yaxis":""},"azureLogAnalytics":{"query":"//change this example to create your own time series query\n\u003ctable name\u003e                                                              //the table to query (e.g. Usage, Heartbeat, Perf)\n| where $__timeFilter(TimeGenerated)                                      //this is a macro used to show the full chart’s time range, choose the datetime column here\n| summarize count() by \u003cgroup by column\u003e, bin(TimeGenerated, $__interval) //change “group by column” to a column in your table, such as “Computer”. The $__interval macro is used to auto-select the time grain. Can also use 1h, 5m etc.\n| order by TimeGenerated asc","resultFormat":"time_series","workspace":"502a68d4-d9e2-4132-8be8-b73119eb3361"},"azureMonitor":{"aggOptions":["None","Average","Minimum","Maximum","Total","Count"],"aggregation":"Average","alias":"{{resourcename}} {{dimensionvalue}}","dimension":"None","dimensionFilter":"*","dimensions":[{"text":"None","value":"None"},{"text":"Instance","value":"Instance"}],"metricDefinition":"Microsoft.Web/sites","metricName":"AverageMemoryWorkingSet","resourceGroup":"Default-Web-WestUS","resourceName":"questsandbox-auth","timeGrain":"auto","timeGrains":[{"text":"auto","value":"auto"},{"text":"1 minute","value":"PT1M"},{"text":"5 minutes","value":"PT5M"},{"text":"15 minutes","value":"PT15M"},{"text":"30 minutes","value":"PT30M"},{"text":"1 hour","value":"PT1H"},{"text":"6 hours","value":"PT6H"},{"text":"12 hours","value":"PT12H"},{"text":"1 day","value":"P1D"}]},"queryType":"Azure Monitor","refId":"E"},{"appInsights":{"groupBy":"none","metricName":"select","rawQuery":false,"rawQueryString":"","spliton":"","timeGrainType":"auto","xaxis":"timestamp","yaxis":""},"azureLogAnalytics":{"query":"//change this example to create your own time series query\n\u003ctable name\u003e                                                              //the table to query (e.g. Usage, Heartbeat, Perf)\n| where $__timeFilter(TimeGenerated)                                      //this is a macro used to show the full chart’s time range, choose the datetime column here\n| summarize count() by \u003cgroup by column\u003e, bin(TimeGenerated, $__interval) //change “group by column” to a column in your table, such as “Computer”. The $__interval macro is used to auto-select the time grain. Can also use 1h, 5m etc.\n| order by TimeGenerated asc","resultFormat":"time_series","workspace":"502a68d4-d9e2-4132-8be8-b73119eb3361"},"azureMonitor":{"aggOptions":["None","Average","Minimum","Maximum","Total","Count"],"aggregation":"Total","alias":"Functions - Function Execution Units","dimension":"None","dimensionFilter":"*","dimensions":[{"text":"None","value":"None"},{"text":"Instance","value":"Instance"}],"metricDefinition":"Microsoft.Web/sites","metricName":"FunctionExecutionUnits","resourceGroup":"Default-Web-WestUS","resourceName":"OmniusSandboxFunctions","timeGrain":"auto","timeGrains":[{"text":"auto","value":"auto"},{"text":"1 minute","value":"PT1M"},{"text":"5 minutes","value":"PT5M"},{"text":"15 minutes","value":"PT15M"},{"text":"30 minutes","value":"PT30M"},{"text":"1 hour","value":"PT1H"},{"text":"6 hours","value":"PT6H"},{"text":"12 hours","value":"PT12H"},{"text":"1 day","value":"P1D"}]},"queryType":"Azure Monitor","refId":"G"}],"thresholds":[],"timeFrom":null,"timeRegions":[],"timeShift":null,"title":"Avg Memory Working Set","tooltip":{"shared":true,"sort":2,"value_type":"individual"},"transparent":true,"type":"graph","xaxis":{"buckets":null,"mode":"time","name":null,"show":true,"values":[]},"yaxes":[{"format":"decbytes","label":null,"logBase":1,"max":null,"min":null,"show":true},{"format":"decbytes","label":null,"logBase":1,"max":null,"min":null,"show":true}],"yaxis":{"align":false,"alignLevel":null}},{"aliasColors":{},"bars":false,"dashLength":10,"dashes":false,"datasource":"DevelopmentMonitor","fill":1,"gridPos":{"h":7,"w":24,"x":0,"y":23},"id":10,"legend":{"alignAsTable":true,"avg":true,"current":true,"max":true,"min":false,"rightSide":true,"show":true,"total":false,"values":true},"lines":true,"linewidth":1,"links":[],"nullPointMode":"null","paceLength":10,"percentage":false,"pointradius":5,"points":false,"renderer":"flot","seriesOverrides":[],"spaceLength":10,"stack":false,"steppedLine":false,"targets":[{"appInsights":{"groupBy":"none","metricName":"select","rawQuery":false,"rawQueryString":"","spliton":"","timeGrainType":"auto","xaxis":"timestamp","yaxis":""},"azureLogAnalytics":{"query":"//change this example to create your own time series query\n\u003ctable name\u003e                                                              //the table to query (e.g. Usage, Heartbeat, Perf)\n| where $__timeFilter(TimeGenerated)                                      //this is a macro used to show the full chart’s time range, choose the datetime column here\n| summarize count() by \u003cgroup by column\u003e, bin(TimeGenerated, $__interval) //change “group by column” to a column in your table, such as “Computer”. The $__interval macro is used to auto-select the time grain. Can also use 1h, 5m etc.\n| order by TimeGenerated asc","resultFormat":"time_series","workspace":"502a68d4-d9e2-4132-8be8-b73119eb3361"},"azureMonitor":{"aggOptions":["None","Average","Minimum","Maximum","Total","Count"],"aggregation":"Average","alias":"{{resourcename}} {{dimensionvalue}}","dimension":"None","dimensionFilter":"*","dimensions":[{"text":"None","value":"None"},{"text":"Instance","value":"Instance"}],"metricDefinition":"Microsoft.Web/sites","metricName":"AverageResponseTime","resourceGroup":"questsit","resourceName":"questsit","timeGrain":"auto","timeGrains":[{"text":"auto","value":"auto"},{"text":"1 minute","value":"PT1M"},{"text":"5 minutes","value":"PT5M"},{"text":"15 minutes","value":"PT15M"},{"text":"30 minutes","value":"PT30M"},{"text":"1 hour","value":"PT1H"},{"text":"6 hours","value":"PT6H"},{"text":"12 hours","value":"PT12H"},{"text":"1 day","value":"P1D"}]},"queryType":"Azure Monitor","refId":"C"},{"appInsights":{"groupBy":"none","metricName":"select","rawQuery":false,"rawQueryString":"","spliton":"","timeGrainType":"auto","xaxis":"timestamp","yaxis":""},"azureLogAnalytics":{"query":"//change this example to create your own time series query\n\u003ctable name\u003e                                                              //the table to query (e.g. Usage, Heartbeat, Perf)\n| where $__timeFilter(TimeGenerated)                                      //this is a macro used to show the full chart’s time range, choose the datetime column here\n| summarize count() by \u003cgroup by column\u003e, bin(TimeGenerated, $__interval) //change “group by column” to a column in your table, such as “Computer”. The $__interval macro is used to auto-select the time grain. Can also use 1h, 5m etc.\n| order by TimeGenerated asc","resultFormat":"time_series","workspace":"502a68d4-d9e2-4132-8be8-b73119eb3361"},"azureMonitor":{"aggOptions":["None","Average","Minimum","Maximum","Total","Count"],"aggregation":"Average","alias":"{{resourcename}} {{dimensionvalue}}","dimension":"None","dimensionFilter":"*","dimensions":[{"text":"None","value":"None"},{"text":"Instance","value":"Instance"}],"metricDefinition":"Microsoft.Web/sites","metricName":"AverageResponseTime","resourceGroup":"questsit","resourceName":"questsit-api","timeGrain":"auto","timeGrains":[{"text":"auto","value":"auto"},{"text":"1 minute","value":"PT1M"},{"text":"5 minutes","value":"PT5M"},{"text":"15 minutes","value":"PT15M"},{"text":"30 minutes","value":"PT30M"},{"text":"1 hour","value":"PT1H"},{"text":"6 hours","value":"PT6H"},{"text":"12 hours","value":"PT12H"},{"text":"1 day","value":"P1D"}]},"queryType":"Azure Monitor","refId":"D"},{"appInsights":{"groupBy":"none","metricName":"select","rawQuery":false,"rawQueryString":"","spliton":"","timeGrainType":"auto","xaxis":"timestamp","yaxis":""},"azureLogAnalytics":{"query":"//change this example to create your own time series query\n\u003ctable name\u003e                                                              //the table to query (e.g. Usage, Heartbeat, Perf)\n| where $__timeFilter(TimeGenerated)                                      //this is a macro used to show the full chart’s time range, choose the datetime column here\n| summarize count() by \u003cgroup by column\u003e, bin(TimeGenerated, $__interval) //change “group by column” to a column in your table, such as “Computer”. The $__interval macro is used to auto-select the time grain. Can also use 1h, 5m etc.\n| order by TimeGenerated asc","resultFormat":"time_series","workspace":"502a68d4-d9e2-4132-8be8-b73119eb3361"},"azureMonitor":{"aggOptions":["None","Average","Minimum","Maximum","Total","Count"],"aggregation":"Average","alias":"{{resourcename}} {{dimensionvalue}}","dimension":"None","dimensionFilter":"*","dimensions":[{"text":"None","value":"None"},{"text":"Instance","value":"Instance"}],"metricDefinition":"Microsoft.Web/sites","metricName":"AverageResponseTime","resourceGroup":"questsit","resourceName":"questsit-custom","timeGrain":"auto","timeGrains":[{"text":"auto","value":"auto"},{"text":"1 minute","value":"PT1M"},{"text":"5 minutes","value":"PT5M"},{"text":"15 minutes","value":"PT15M"},{"text":"30 minutes","value":"PT30M"},{"text":"1 hour","value":"PT1H"},{"text":"6 hours","value":"PT6H"},{"text":"12 hours","value":"PT12H"},{"text":"1 day","value":"P1D"}]},"queryType":"Azure Monitor","refId":"A"},{"appInsights":{"groupBy":"none","metricName":"select","rawQuery":false,"rawQueryString":"","spliton":"","timeGrainType":"auto","xaxis":"timestamp","yaxis":""},"azureLogAnalytics":{"query":"//change this example to create your own time series query\n\u003ctable name\u003e                                                              //the table to query (e.g. Usage, Heartbeat, Perf)\n| where $__timeFilter(TimeGenerated)                                      //this is a macro used to show the full chart’s time range, choose the datetime column here\n| summarize count() by \u003cgroup by column\u003e, bin(TimeGenerated, $__interval) //change “group by column” to a column in your table, such as “Computer”. The $__interval macro is used to auto-select the time grain. Can also use 1h, 5m etc.\n| order by TimeGenerated asc","resultFormat":"time_series","workspace":"502a68d4-d9e2-4132-8be8-b73119eb3361"},"azureMonitor":{"aggOptions":["None","Average","Minimum","Maximum","Total","Count"],"aggregation":"Average","alias":"{{resourcename}} {{dimensionvalue}}","dimension":"None","dimensionFilter":"*","dimensions":[{"text":"None","value":"None"},{"text":"Instance","value":"Instance"}],"metricDefinition":"Microsoft.Web/sites","metricName":"AverageResponseTime","resourceGroup":"questsit","resourceName":"questsit-custom-api","timeGrain":"auto","timeGrains":[{"text":"auto","value":"auto"},{"text":"1 minute","value":"PT1M"},{"text":"5 minutes","value":"PT5M"},{"text":"15 minutes","value":"PT15M"},{"text":"30 minutes","value":"PT30M"},{"text":"1 hour","value":"PT1H"},{"text":"6 hours","value":"PT6H"},{"text":"12 hours","value":"PT12H"},{"text":"1 day","value":"P1D"}]},"queryType":"Azure Monitor","refId":"B"},{"appInsights":{"groupBy":"none","metricName":"select","rawQuery":false,"rawQueryString":"","spliton":"","timeGrainType":"auto","xaxis":"timestamp","yaxis":""},"azureLogAnalytics":{"query":"//change this example to create your own time series query\n\u003ctable name\u003e                                                              //the table to query (e.g. Usage, Heartbeat, Perf)\n| where $__timeFilter(TimeGenerated)                                      //this is a macro used to show the full chart’s time range, choose the datetime column here\n| summarize count() by \u003cgroup by column\u003e, bin(TimeGenerated, $__interval) //change “group by column” to a column in your table, such as “Computer”. The $__interval macro is used to auto-select the time grain. Can also use 1h, 5m etc.\n| order by TimeGenerated asc","resultFormat":"time_series","workspace":"502a68d4-d9e2-4132-8be8-b73119eb3361"},"azureMonitor":{"aggOptions":["None","Average","Minimum","Maximum","Total","Count"],"aggregation":"Average","alias":"{{resourcename}} {{dimensionvalue}}","dimension":"None","dimensionFilter":"*","dimensions":[{"text":"None","value":"None"},{"text":"Instance","value":"Instance"}],"metricDefinition":"Microsoft.Web/sites","metricName":"AverageResponseTime","resourceGroup":"Default-Web-WestUS","resourceName":"questsandbox-auth","timeGrain":"auto","timeGrains":[{"text":"auto","value":"auto"},{"text":"1 minute","value":"PT1M"},{"text":"5 minutes","value":"PT5M"},{"text":"15 minutes","value":"PT15M"},{"text":"30 minutes","value":"PT30M"},{"text":"1 hour","value":"PT1H"},{"text":"6 hours","value":"PT6H"},{"text":"12 hours","value":"PT12H"},{"text":"1 day","value":"P1D"}]},"queryType":"Azure Monitor","refId":"E"},{"appInsights":{"groupBy":"none","metricName":"select","rawQuery":false,"rawQueryString":"","spliton":"","timeGrainType":"auto","xaxis":"timestamp","yaxis":""},"azureLogAnalytics":{"query":"//change this example to create your own time series query\n\u003ctable name\u003e                                                              //the table to query (e.g. Usage, Heartbeat, Perf)\n| where $__timeFilter(TimeGenerated)                                      //this is a macro used to show the full chart’s time range, choose the datetime column here\n| summarize count() by \u003cgroup by column\u003e, bin(TimeGenerated, $__interval) //change “group by column” to a column in your table, such as “Computer”. The $__interval macro is used to auto-select the time grain. Can also use 1h, 5m etc.\n| order by TimeGenerated asc","resultFormat":"time_series","workspace":"502a68d4-d9e2-4132-8be8-b73119eb3361"},"azureMonitor":{"aggOptions":["None","Average","Minimum","Maximum","Total","Count"],"aggregation":"Average","alias":"Functions - Function Execution Units","dimension":"None","dimensionFilter":"*","dimensions":[{"text":"None","value":"None"},{"text":"Instance","value":"Instance"}],"metricDefinition":"Microsoft.Web/sites","metricName":"AverageResponseTime","resourceGroup":"Default-Web-WestUS","resourceName":"OmniusSandboxFunctions","timeGrain":"auto","timeGrains":[{"text":"auto","value":"auto"},{"text":"1 minute","value":"PT1M"},{"text":"5 minutes","value":"PT5M"},{"text":"15 minutes","value":"PT15M"},{"text":"30 minutes","value":"PT30M"},{"text":"1 hour","value":"PT1H"},{"text":"6 hours","value":"PT6H"},{"text":"12 hours","value":"PT12H"},{"text":"1 day","value":"P1D"}]},"queryType":"Azure Monitor","refId":"G"}],"thresholds":[],"timeFrom":null,"timeRegions":[],"timeShift":null,"title":"AVG Response Time","tooltip":{"shared":true,"sort":2,"value_type":"individual"},"transparent":true,"type":"graph","xaxis":{"buckets":null,"mode":"time","name":null,"show":true,"values":[]},"yaxes":[{"format":"s","label":null,"logBase":1,"max":null,"min":null,"show":true},{"format":"s","label":null,"logBase":1,"max":null,"min":null,"show":true}],"yaxis":{"align":false,"alignLevel":null}},{"aliasColors":{},"bars":false,"dashLength":10,"dashes":false,"datasource":"DevelopmentMonitor","fill":1,"gridPos":{"h":9,"w":24,"x":0,"y":30},"id":11,"legend":{"alignAsTable":true,"avg":false,"current":true,"max":false,"min":false,"rightSide":true,"show":true,"total":false,"values":true},"lines":true,"linewidth":1,"links":[],"nullPointMode":"null","paceLength":10,"percentage":false,"pointradius":5,"points":false,"renderer":"flot","seriesOverrides":[],"spaceLength":10,"stack":false,"steppedLine":false,"targets":[{"appInsights":{"groupBy":"none","metricName":"select","rawQuery":false,"rawQueryString":"","spliton":"","timeGrainType":"auto","xaxis":"timestamp","yaxis":""},"azureLogAnalytics":{"query":"//change this example to create your own time series query\n\u003ctable name\u003e                                                              //the table to query (e.g. Usage, Heartbeat, Perf)\n| where $__timeFilter(TimeGenerated)                                      //this is a macro used to show the full chart’s time range, choose the datetime column here\n| summarize count() by \u003cgroup by column\u003e, bin(TimeGenerated, $__interval) //change “group by column” to a column in your table, such as “Computer”. The $__interval macro is used to auto-select the time grain. Can also use 1h, 5m etc.\n| order by TimeGenerated asc","resultFormat":"time_series","workspace":"502a68d4-d9e2-4132-8be8-b73119eb3361"},"azureMonitor":{"aggOptions":["None","Average","Minimum","Maximum","Total","Count"],"aggregation":"Total","alias":"{{resourcename}} {{dimensionvalue}}","dimension":"","dimensionFilter":"*","dimensions":[],"metricDefinition":"Microsoft.Web/sites","metricName":"select","resourceGroup":"questsit","resourceName":"questsit","timeGrain":"PT1M","timeGrains":[{"text":"auto","value":"auto"},{"text":"1 minute","value":"PT1M"},{"text":"5 minutes","value":"PT5M"},{"text":"15 minutes","value":"PT15M"},{"text":"30 minutes","value":"PT30M"},{"text":"1 hour","value":"PT1H"},{"text":"6 hours","value":"PT6H"},{"text":"12 hours","value":"PT12H"},{"text":"1 day","value":"P1D"}]},"queryType":"Azure Monitor","refId":"C"},{"appInsights":{"groupBy":"none","metricName":"select","rawQuery":false,"rawQueryString":"","spliton":"","timeGrainType":"auto","xaxis":"timestamp","yaxis":""},"azureLogAnalytics":{"query":"//change this example to create your own time series query\n\u003ctable name\u003e                                                              //the table to query (e.g. Usage, Heartbeat, Perf)\n| where $__timeFilter(TimeGenerated)                                      //this is a macro used to show the full chart’s time range, choose the datetime column here\n| summarize count() by \u003cgroup by column\u003e, bin(TimeGenerated, $__interval) //change “group by column” to a column in your table, such as “Computer”. The $__interval macro is used to auto-select the time grain. Can also use 1h, 5m etc.\n| order by TimeGenerated asc","resultFormat":"time_series","workspace":"502a68d4-d9e2-4132-8be8-b73119eb3361"},"azureMonitor":{"aggOptions":["None","Average","Minimum","Maximum","Total","Count"],"aggregation":"Total","alias":"{{resourcename}} {{dimensionvalue}}","dimension":"None","dimensionFilter":"*","dimensions":[{"text":"None","value":"None"},{"text":"Instance","value":"Instance"}],"metricDefinition":"Microsoft.Web/sites","metricName":"Requests","resourceGroup":"questsit","resourceName":"questsit-api","timeGrain":"PT1M","timeGrains":[{"text":"auto","value":"auto"},{"text":"1 minute","value":"PT1M"},{"text":"5 minutes","value":"PT5M"},{"text":"15 minutes","value":"PT15M"},{"text":"30 minutes","value":"PT30M"},{"text":"1 hour","value":"PT1H"},{"text":"6 hours","value":"PT6H"},{"text":"12 hours","value":"PT12H"},{"text":"1 day","value":"P1D"}]},"queryType":"Azure Monitor","refId":"D"},{"appInsights":{"groupBy":"none","metricName":"select","rawQuery":false,"rawQueryString":"","spliton":"","timeGrainType":"auto","xaxis":"timestamp","yaxis":""},"azureLogAnalytics":{"query":"//change this example to create your own time series query\n\u003ctable name\u003e                                                              //the table to query (e.g. Usage, Heartbeat, Perf)\n| where $__timeFilter(TimeGenerated)                                      //this is a macro used to show the full chart’s time range, choose the datetime column here\n| summarize count() by \u003cgroup by column\u003e, bin(TimeGenerated, $__interval) //change “group by column” to a column in your table, such as “Computer”. The $__interval macro is used to auto-select the time grain. Can also use 1h, 5m etc.\n| order by TimeGenerated asc","resultFormat":"time_series","workspace":"502a68d4-d9e2-4132-8be8-b73119eb3361"},"azureMonitor":{"aggOptions":["None","Average","Minimum","Maximum","Total","Count"],"aggregation":"Total","alias":"{{resourcename}} {{dimensionvalue}}","dimension":"None","dimensionFilter":"*","dimensions":[{"text":"None","value":"None"},{"text":"Instance","value":"Instance"}],"metricDefinition":"Microsoft.Web/sites","metricName":"Requests","resourceGroup":"questsit","resourceName":"questsit-custom","timeGrain":"PT1M","timeGrains":[{"text":"auto","value":"auto"},{"text":"1 minute","value":"PT1M"},{"text":"5 minutes","value":"PT5M"},{"text":"15 minutes","value":"PT15M"},{"text":"30 minutes","value":"PT30M"},{"text":"1 hour","value":"PT1H"},{"text":"6 hours","value":"PT6H"},{"text":"12 hours","value":"PT12H"},{"text":"1 day","value":"P1D"}]},"queryType":"Azure Monitor","refId":"A"},{"appInsights":{"groupBy":"none","metricName":"select","rawQuery":false,"rawQueryString":"","spliton":"","timeGrainType":"auto","xaxis":"timestamp","yaxis":""},"azureLogAnalytics":{"query":"//change this example to create your own time series query\n\u003ctable name\u003e                                                              //the table to query (e.g. Usage, Heartbeat, Perf)\n| where $__timeFilter(TimeGenerated)                                      //this is a macro used to show the full chart’s time range, choose the datetime column here\n| summarize count() by \u003cgroup by column\u003e, bin(TimeGenerated, $__interval) //change “group by column” to a column in your table, such as “Computer”. The $__interval macro is used to auto-select the time grain. Can also use 1h, 5m etc.\n| order by TimeGenerated asc","resultFormat":"time_series","workspace":"502a68d4-d9e2-4132-8be8-b73119eb3361"},"azureMonitor":{"aggOptions":["None","Average","Minimum","Maximum","Total","Count"],"aggregation":"Total","alias":"{{resourcename}} {{dimensionvalue}}","dimension":"None","dimensionFilter":"*","dimensions":[{"text":"None","value":"None"},{"text":"Instance","value":"Instance"}],"metricDefinition":"Microsoft.Web/sites","metricName":"Requests","resourceGroup":"questsit","resourceName":"questsit-custom-api","timeGrain":"PT1M","timeGrains":[{"text":"auto","value":"auto"},{"text":"1 minute","value":"PT1M"},{"text":"5 minutes","value":"PT5M"},{"text":"15 minutes","value":"PT15M"},{"text":"30 minutes","value":"PT30M"},{"text":"1 hour","value":"PT1H"},{"text":"6 hours","value":"PT6H"},{"text":"12 hours","value":"PT12H"},{"text":"1 day","value":"P1D"}]},"queryType":"Azure Monitor","refId":"B"},{"appInsights":{"groupBy":"none","metricName":"select","rawQuery":false,"rawQueryString":"","spliton":"","timeGrainType":"auto","xaxis":"timestamp","yaxis":""},"azureLogAnalytics":{"query":"//change this example to create your own time series query\n\u003ctable name\u003e                                                              //the table to query (e.g. Usage, Heartbeat, Perf)\n| where $__timeFilter(TimeGenerated)                                      //this is a macro used to show the full chart’s time range, choose the datetime column here\n| summarize count() by \u003cgroup by column\u003e, bin(TimeGenerated, $__interval) //change “group by column” to a column in your table, such as “Computer”. The $__interval macro is used to auto-select the time grain. Can also use 1h, 5m etc.\n| order by TimeGenerated asc","resultFormat":"time_series","workspace":"502a68d4-d9e2-4132-8be8-b73119eb3361"},"azureMonitor":{"aggOptions":["None","Average","Minimum","Maximum","Total","Count"],"aggregation":"Total","alias":"{{resourcename}} {{dimensionvalue}}","dimension":"None","dimensionFilter":"*","dimensions":[{"text":"None","value":"None"},{"text":"Instance","value":"Instance"}],"metricDefinition":"Microsoft.Web/sites","metricName":"Requests","resourceGroup":"Default-Web-WestUS","resourceName":"questsandbox-auth","timeGrain":"PT1M","timeGrains":[{"text":"auto","value":"auto"},{"text":"1 minute","value":"PT1M"},{"text":"5 minutes","value":"PT5M"},{"text":"15 minutes","value":"PT15M"},{"text":"30 minutes","value":"PT30M"},{"text":"1 hour","value":"PT1H"},{"text":"6 hours","value":"PT6H"},{"text":"12 hours","value":"PT12H"},{"text":"1 day","value":"P1D"}]},"queryType":"Azure Monitor","refId":"E"},{"appInsights":{"groupBy":"none","metricName":"select","rawQuery":false,"rawQueryString":"","spliton":"","timeGrainType":"auto","xaxis":"timestamp","yaxis":""},"azureLogAnalytics":{"query":"//change this example to create your own time series query\n\u003ctable name\u003e                                                              //the table to query (e.g. Usage, Heartbeat, Perf)\n| where $__timeFilter(TimeGenerated)                                      //this is a macro used to show the full chart’s time range, choose the datetime column here\n| summarize count() by \u003cgroup by column\u003e, bin(TimeGenerated, $__interval) //change “group by column” to a column in your table, such as “Computer”. The $__interval macro is used to auto-select the time grain. Can also use 1h, 5m etc.\n| order by TimeGenerated asc","resultFormat":"time_series","workspace":"502a68d4-d9e2-4132-8be8-b73119eb3361"},"azureMonitor":{"aggOptions":["None","Average","Minimum","Maximum","Total","Count"],"aggregation":"Total","alias":"Functions - Function Execution Units","dimension":"None","dimensionFilter":"*","dimensions":[{"text":"None","value":"None"},{"text":"Instance","value":"Instance"}],"metricDefinition":"Microsoft.Web/sites","metricName":"Requests","resourceGroup":"Default-Web-WestUS","resourceName":"OmniusSandboxFunctions","timeGrain":"PT1M","timeGrains":[{"text":"auto","value":"auto"},{"text":"1 minute","value":"PT1M"},{"text":"5 minutes","value":"PT5M"},{"text":"15 minutes","value":"PT15M"},{"text":"30 minutes","value":"PT30M"},{"text":"1 hour","value":"PT1H"},{"text":"6 hours","value":"PT6H"},{"text":"12 hours","value":"PT12H"},{"text":"1 day","value":"P1D"}]},"queryType":"Azure Monitor","refId":"G"}],"thresholds":[],"timeFrom":null,"timeRegions":[],"timeShift":null,"title":"Total Requests / Minute","tooltip":{"shared":true,"sort":2,"value_type":"individual"},"transparent":true,"type":"graph","xaxis":{"buckets":null,"mode":"time","name":null,"show":true,"values":[]},"yaxes":[{"format":"opm","label":null,"logBase":1,"max":null,"min":null,"show":true},{"format":"opm","label":null,"logBase":1,"max":null,"min":null,"show":true}],"yaxis":{"align":false,"alignLevel":null}},{"aliasColors":{},"bars":true,"dashLength":10,"dashes":false,"datasource":"DevelopmentMonitor","decimals":0,"fill":1,"gridPos":{"h":7,"w":24,"x":0,"y":39},"id":5,"legend":{"alignAsTable":true,"avg":false,"current":true,"max":true,"min":false,"rightSide":true,"show":true,"total":false,"values":true},"lines":false,"linewidth":1,"links":[],"nullPointMode":"null","paceLength":10,"percentage":false,"pointradius":2,"points":false,"renderer":"flot","seriesOverrides":[],"spaceLength":10,"stack":false,"steppedLine":false,"targets":[{"appInsights":{"groupBy":"none","metricName":"select","rawQuery":false,"rawQueryString":"","spliton":"","timeGrainType":"auto","xaxis":"timestamp","yaxis":""},"azureLogAnalytics":{"query":"//change this example to create your own time series query\n\u003ctable name\u003e                                                              //the table to query (e.g. Usage, Heartbeat, Perf)\n| where $__timeFilter(TimeGenerated)                                      //this is a macro used to show the full chart’s time range, choose the datetime column here\n| summarize count() by \u003cgroup by column\u003e, bin(TimeGenerated, $__interval) //change “group by column” to a column in your table, such as “Computer”. The $__interval macro is used to auto-select the time grain. Can also use 1h, 5m etc.\n| order by TimeGenerated asc","resultFormat":"time_series","workspace":"f79b2607-d524-41e9-8812-b708a31e0469"},"azureMonitor":{"aggOptions":["None","Average","Minimum","Maximum","Total","Count"],"aggregation":"Total","alias":"{{resourcename}} {{dimensionvalue}}","dimension":"None","dimensionFilter":"*","dimensions":[{"text":"None","value":"None"},{"text":"Instance","value":"Instance"}],"metricDefinition":"Microsoft.Web/sites","metricName":"Http5xx","resourceGroup":"questsit","resourceName":"questsit","timeGrain":"auto","timeGrains":[{"text":"auto","value":"auto"},{"text":"1 minute","value":"PT1M"},{"text":"5 minutes","value":"PT5M"},{"text":"15 minutes","value":"PT15M"},{"text":"30 minutes","value":"PT30M"},{"text":"1 hour","value":"PT1H"},{"text":"6 hours","value":"PT6H"},{"text":"12 hours","value":"PT12H"},{"text":"1 day","value":"P1D"}]},"queryType":"Azure Monitor","refId":"A"},{"appInsights":{"groupBy":"none","metricName":"select","rawQuery":false,"rawQueryString":"","spliton":"","timeGrainType":"auto","xaxis":"timestamp","yaxis":""},"azureLogAnalytics":{"query":"//change this example to create your own time series query\n\u003ctable name\u003e                                                              //the table to query (e.g. Usage, Heartbeat, Perf)\n| where $__timeFilter(TimeGenerated)                                      //this is a macro used to show the full chart’s time range, choose the datetime column here\n| summarize count() by \u003cgroup by column\u003e, bin(TimeGenerated, $__interval) //change “group by column” to a column in your table, such as “Computer”. The $__interval macro is used to auto-select the time grain. Can also use 1h, 5m etc.\n| order by TimeGenerated asc","resultFormat":"time_series","workspace":"f79b2607-d524-41e9-8812-b708a31e0469"},"azureMonitor":{"aggOptions":["None","Average","Minimum","Maximum","Total","Count"],"aggregation":"Total","alias":"{{resourcename}} {{dimensionvalue}}","dimension":"None","dimensionFilter":"*","dimensions":[{"text":"None","value":"None"},{"text":"Instance","value":"Instance"}],"metricDefinition":"Microsoft.Web/sites","metricName":"Http5xx","resourceGroup":"questsit","resourceName":"questsit-api","timeGrain":"auto","timeGrains":[{"text":"auto","value":"auto"},{"text":"1 minute","value":"PT1M"},{"text":"5 minutes","value":"PT5M"},{"text":"15 minutes","value":"PT15M"},{"text":"30 minutes","value":"PT30M"},{"text":"1 hour","value":"PT1H"},{"text":"6 hours","value":"PT6H"},{"text":"12 hours","value":"PT12H"},{"text":"1 day","value":"P1D"}]},"queryType":"Azure Monitor","refId":"B"},{"appInsights":{"groupBy":"none","metricName":"select","rawQuery":false,"rawQueryString":"","spliton":"","timeGrainType":"auto","xaxis":"timestamp","yaxis":""},"azureLogAnalytics":{"query":"//change this example to create your own time series query\n\u003ctable name\u003e                                                              //the table to query (e.g. Usage, Heartbeat, Perf)\n| where $__timeFilter(TimeGenerated)                                      //this is a macro used to show the full chart’s time range, choose the datetime column here\n| summarize count() by \u003cgroup by column\u003e, bin(TimeGenerated, $__interval) //change “group by column” to a column in your table, such as “Computer”. The $__interval macro is used to auto-select the time grain. Can also use 1h, 5m etc.\n| order by TimeGenerated asc","resultFormat":"time_series","workspace":"f79b2607-d524-41e9-8812-b708a31e0469"},"azureMonitor":{"aggOptions":["None","Average","Minimum","Maximum","Total","Count"],"aggregation":"Total","alias":"{{resourcename}} {{dimensionvalue}}","dimension":"None","dimensionFilter":"*","dimensions":[{"text":"None","value":"None"},{"text":"Instance","value":"Instance"}],"metricDefinition":"Microsoft.Web/sites","metricName":"Http5xx","resourceGroup":"Default-Web-WestUS","resourceName":"questsandbox-auth","timeGrain":"auto","timeGrains":[{"text":"auto","value":"auto"},{"text":"1 minute","value":"PT1M"},{"text":"5 minutes","value":"PT5M"},{"text":"15 minutes","value":"PT15M"},{"text":"30 minutes","value":"PT30M"},{"text":"1 hour","value":"PT1H"},{"text":"6 hours","value":"PT6H"},{"text":"12 hours","value":"PT12H"},{"text":"1 day","value":"P1D"}]},"queryType":"Azure Monitor","refId":"C"},{"appInsights":{"groupBy":"none","metricName":"select","rawQuery":false,"rawQueryString":"","spliton":"","timeGrainType":"auto","xaxis":"timestamp","yaxis":""},"azureLogAnalytics":{"query":"//change this example to create your own time series query\n\u003ctable name\u003e                                                              //the table to query (e.g. Usage, Heartbeat, Perf)\n| where $__timeFilter(TimeGenerated)                                      //this is a macro used to show the full chart’s time range, choose the datetime column here\n| summarize count() by \u003cgroup by column\u003e, bin(TimeGenerated, $__interval) //change “group by column” to a column in your table, such as “Computer”. The $__interval macro is used to auto-select the time grain. Can also use 1h, 5m etc.\n| order by TimeGenerated asc","resultFormat":"time_series","workspace":"f79b2607-d524-41e9-8812-b708a31e0469"},"azureMonitor":{"aggOptions":["None","Average","Minimum","Maximum","Total","Count"],"aggregation":"Total","alias":"{{resourcename}} {{dimensionvalue}}","dimension":"None","dimensionFilter":"*","dimensions":[{"text":"None","value":"None"},{"text":"Instance","value":"Instance"}],"metricDefinition":"Microsoft.Web/sites","metricName":"Http5xx","resourceGroup":"questsit","resourceName":"questsit-custom","timeGrain":"auto","timeGrains":[{"text":"auto","value":"auto"},{"text":"1 minute","value":"PT1M"},{"text":"5 minutes","value":"PT5M"},{"text":"15 minutes","value":"PT15M"},{"text":"30 minutes","value":"PT30M"},{"text":"1 hour","value":"PT1H"},{"text":"6 hours","value":"PT6H"},{"text":"12 hours","value":"PT12H"},{"text":"1 day","value":"P1D"}]},"queryType":"Azure Monitor","refId":"D"},{"appInsights":{"groupBy":"none","metricName":"select","rawQuery":false,"rawQueryString":"","spliton":"","timeGrainType":"auto","xaxis":"timestamp","yaxis":""},"azureLogAnalytics":{"query":"//change this example to create your own time series query\n\u003ctable name\u003e                                                              //the table to query (e.g. Usage, Heartbeat, Perf)\n| where $__timeFilter(TimeGenerated)                                      //this is a macro used to show the full chart’s time range, choose the datetime column here\n| summarize count() by \u003cgroup by column\u003e, bin(TimeGenerated, $__interval) //change “group by column” to a column in your table, such as “Computer”. The $__interval macro is used to auto-select the time grain. Can also use 1h, 5m etc.\n| order by TimeGenerated asc","resultFormat":"time_series","workspace":"f79b2607-d524-41e9-8812-b708a31e0469"},"azureMonitor":{"aggOptions":["None","Average","Minimum","Maximum","Total","Count"],"aggregation":"Total","alias":"{{resourcename}} {{dimensionvalue}}","dimension":"None","dimensionFilter":"*","dimensions":[{"text":"None","value":"None"},{"text":"Instance","value":"Instance"}],"metricDefinition":"Microsoft.Web/sites","metricName":"Http5xx","resourceGroup":"questsit","resourceName":"questsit-custom-api","timeGrain":"auto","timeGrains":[{"text":"auto","value":"auto"},{"text":"1 minute","value":"PT1M"},{"text":"5 minutes","value":"PT5M"},{"text":"15 minutes","value":"PT15M"},{"text":"30 minutes","value":"PT30M"},{"text":"1 hour","value":"PT1H"},{"text":"6 hours","value":"PT6H"},{"text":"12 hours","value":"PT12H"},{"text":"1 day","value":"P1D"}]},"queryType":"Azure Monitor","refId":"E"},{"appInsights":{"groupBy":"none","metricName":"select","rawQuery":false,"rawQueryString":"","spliton":"","timeGrainType":"auto","xaxis":"timestamp","yaxis":""},"azureLogAnalytics":{"query":"//change this example to create your own time series query\n\u003ctable name\u003e                                                              //the table to query (e.g. Usage, Heartbeat, Perf)\n| where $__timeFilter(TimeGenerated)                                      //this is a macro used to show the full chart’s time range, choose the datetime column here\n| summarize count() by \u003cgroup by column\u003e, bin(TimeGenerated, $__interval) //change “group by column” to a column in your table, such as “Computer”. The $__interval macro is used to auto-select the time grain. Can also use 1h, 5m etc.\n| order by TimeGenerated asc","resultFormat":"time_series","workspace":"f79b2607-d524-41e9-8812-b708a31e0469"},"azureMonitor":{"aggOptions":["None","Average","Minimum","Maximum","Total","Count"],"aggregation":"Total","alias":"{{resourcename}} {{dimensionvalue}}","dimension":"None","dimensionFilter":"*","dimensions":[{"text":"None","value":"None"},{"text":"Instance","value":"Instance"}],"metricDefinition":"Microsoft.Web/sites","metricName":"Http5xx","resourceGroup":"Default-Web-WestUS","resourceName":"OmniusSandboxFunctions","timeGrain":"auto","timeGrains":[{"text":"auto","value":"auto"},{"text":"1 minute","value":"PT1M"},{"text":"5 minutes","value":"PT5M"},{"text":"15 minutes","value":"PT15M"},{"text":"30 minutes","value":"PT30M"},{"text":"1 hour","value":"PT1H"},{"text":"6 hours","value":"PT6H"},{"text":"12 hours","value":"PT12H"},{"text":"1 day","value":"P1D"}]},"queryType":"Azure Monitor","refId":"F"}],"thresholds":[],"timeFrom":null,"timeRegions":[],"timeShift":null,"title":"Server Errors","tooltip":{"shared":true,"sort":0,"value_type":"individual"},"type":"graph","xaxis":{"buckets":null,"mode":"time","name":null,"show":true,"values":[]},"yaxes":[{"decimals":0,"format":"short","label":null,"logBase":1,"max":null,"min":null,"show":true},{"decimals":0,"format":"short","label":null,"logBase":1,"max":null,"min":null,"show":true}],"yaxis":{"align":false,"alignLevel":null}},{"aliasColors":{},"bars":true,"dashLength":10,"dashes":false,"datasource":"DevelopmentMonitor","decimals":0,"fill":1,"gridPos":{"h":9,"w":12,"x":0,"y":46},"id":7,"legend":{"alignAsTable":true,"avg":false,"current":true,"max":false,"min":false,"rightSide":true,"show":true,"total":false,"values":true},"lines":false,"linewidth":1,"links":[],"nullPointMode":"null","paceLength":10,"percentage":false,"pointradius":5,"points":false,"renderer":"flot","seriesOverrides":[],"spaceLength":10,"stack":false,"steppedLine":false,"targets":[{"appInsights":{"groupBy":"none","metricName":"select","rawQuery":false,"rawQueryString":"","spliton":"","timeGrainType":"auto","xaxis":"timestamp","yaxis":""},"azureLogAnalytics":{"query":"//change this example to create your own time series query\n\u003ctable name\u003e                                                              //the table to query (e.g. Usage, Heartbeat, Perf)\n| where $__timeFilter(TimeGenerated)                                      //this is a macro used to show the full chart’s time range, choose the datetime column here\n| summarize count() by \u003cgroup by column\u003e, bin(TimeGenerated, $__interval) //change “group by column” to a column in your table, such as “Computer”. The $__interval macro is used to auto-select the time grain. Can also use 1h, 5m etc.\n| order by TimeGenerated asc","resultFormat":"time_series","workspace":"502a68d4-d9e2-4132-8be8-b73119eb3361"},"azureMonitor":{"aggOptions":["None","Average","Minimum","Maximum","Total","Count"],"aggregation":"Total","alias":"{{resourcename}} {{dimensionvalue}}","dimension":"None","dimensionFilter":"*","dimensions":[{"text":"None","value":"None"},{"text":"Instance","value":"Instance"}],"metricDefinition":"Microsoft.Web/sites","metricName":"AppConnections","resourceGroup":"questsit","resourceName":"questsit","timeGrain":"auto","timeGrains":[{"text":"auto","value":"auto"},{"text":"1 minute","value":"PT1M"},{"text":"5 minutes","value":"PT5M"},{"text":"15 minutes","value":"PT15M"},{"text":"30 minutes","value":"PT30M"},{"text":"1 hour","value":"PT1H"},{"text":"6 hours","value":"PT6H"},{"text":"12 hours","value":"PT12H"},{"text":"1 day","value":"P1D"}]},"queryType":"Azure Monitor","refId":"C"},{"appInsights":{"groupBy":"none","metricName":"select","rawQuery":false,"rawQueryString":"","spliton":"","timeGrainType":"auto","xaxis":"timestamp","yaxis":""},"azureLogAnalytics":{"query":"//change this example to create your own time series query\n\u003ctable name\u003e                                                              //the table to query (e.g. Usage, Heartbeat, Perf)\n| where $__timeFilter(TimeGenerated)                                      //this is a macro used to show the full chart’s time range, choose the datetime column here\n| summarize count() by \u003cgroup by column\u003e, bin(TimeGenerated, $__interval) //change “group by column” to a column in your table, such as “Computer”. The $__interval macro is used to auto-select the time grain. Can also use 1h, 5m etc.\n| order by TimeGenerated asc","resultFormat":"time_series","workspace":"502a68d4-d9e2-4132-8be8-b73119eb3361"},"azureMonitor":{"aggOptions":["None","Average","Minimum","Maximum","Total","Count"],"aggregation":"Total","alias":"{{resourcename}} {{dimensionvalue}}","dimension":"None","dimensionFilter":"*","dimensions":[{"text":"None","value":"None"},{"text":"Instance","value":"Instance"}],"metricDefinition":"Microsoft.Web/sites","metricName":"AppConnections","resourceGroup":"questsit","resourceName":"questsit-api","timeGrain":"auto","timeGrains":[{"text":"auto","value":"auto"},{"text":"1 minute","value":"PT1M"},{"text":"5 minutes","value":"PT5M"},{"text":"15 minutes","value":"PT15M"},{"text":"30 minutes","value":"PT30M"},{"text":"1 hour","value":"PT1H"},{"text":"6 hours","value":"PT6H"},{"text":"12 hours","value":"PT12H"},{"text":"1 day","value":"P1D"}]},"queryType":"Azure Monitor","refId":"D"},{"appInsights":{"groupBy":"none","metricName":"select","rawQuery":false,"rawQueryString":"","spliton":"","timeGrainType":"auto","xaxis":"timestamp","yaxis":""},"azureLogAnalytics":{"query":"//change this example to create your own time series query\n\u003ctable name\u003e                                                              //the table to query (e.g. Usage, Heartbeat, Perf)\n| where $__timeFilter(TimeGenerated)                                      //this is a macro used to show the full chart’s time range, choose the datetime column here\n| summarize count() by \u003cgroup by column\u003e, bin(TimeGenerated, $__interval) //change “group by column” to a column in your table, such as “Computer”. The $__interval macro is used to auto-select the time grain. Can also use 1h, 5m etc.\n| order by TimeGenerated asc","resultFormat":"time_series","workspace":"502a68d4-d9e2-4132-8be8-b73119eb3361"},"azureMonitor":{"aggOptions":["None","Average","Minimum","Maximum","Total","Count"],"aggregation":"Total","alias":"{{resourcename}} - {{dimensionvalue}}","dimension":"Instance","dimensionFilter":"*","dimensions":[{"text":"None","value":"None"},{"text":"Instance","value":"Instance"}],"metricDefinition":"Microsoft.Web/sites","metricName":"AppConnections","resourceGroup":"questsit","resourceName":"questsit","timeGrain":"auto","timeGrains":[{"text":"auto","value":"auto"},{"text":"1 minute","value":"PT1M"},{"text":"5 minutes","value":"PT5M"},{"text":"15 minutes","value":"PT15M"},{"text":"30 minutes","value":"PT30M"},{"text":"1 hour","value":"PT1H"},{"text":"6 hours","value":"PT6H"},{"text":"12 hours","value":"PT12H"},{"text":"1 day","value":"P1D"}]},"queryType":"Azure Monitor","refId":"A"},{"appInsights":{"groupBy":"none","metricName":"select","rawQuery":false,"rawQueryString":"","spliton":"","timeGrainType":"auto","xaxis":"timestamp","yaxis":""},"azureLogAnalytics":{"query":"//change this example to create your own time series query\n\u003ctable name\u003e                                                              //the table to query (e.g. Usage, Heartbeat, Perf)\n| where $__timeFilter(TimeGenerated)                                      //this is a macro used to show the full chart’s time range, choose the datetime column here\n| summarize count() by \u003cgroup by column\u003e, bin(TimeGenerated, $__interval) //change “group by column” to a column in your table, such as “Computer”. The $__interval macro is used to auto-select the time grain. Can also use 1h, 5m etc.\n| order by TimeGenerated asc","resultFormat":"time_series","workspace":"502a68d4-d9e2-4132-8be8-b73119eb3361"},"azureMonitor":{"aggOptions":["None","Average","Minimum","Maximum","Total","Count"],"aggregation":"Total","alias":"{{resourcename}} - {{dimensionvalue}}","dimension":"Instance","dimensionFilter":"*","dimensions":[{"text":"None","value":"None"},{"text":"Instance","value":"Instance"}],"metricDefinition":"Microsoft.Web/sites","metricName":"AppConnections","resourceGroup":"questsit","resourceName":"questsit-api","timeGrain":"auto","timeGrains":[{"text":"auto","value":"auto"},{"text":"1 minute","value":"PT1M"},{"text":"5 minutes","value":"PT5M"},{"text":"15 minutes","value":"PT15M"},{"text":"30 minutes","value":"PT30M"},{"text":"1 hour","value":"PT1H"},{"text":"6 hours","value":"PT6H"},{"text":"12 hours","value":"PT12H"},{"text":"1 day","value":"P1D"}]},"queryType":"Azure Monitor","refId":"B"}],"thresholds":[],"timeFrom":null,"timeRegions":[],"timeShift":null,"title":"Omnius Connections","tooltip":{"shared":true,"sort":2,"value_type":"individual"},"transparent":true,"type":"graph","xaxis":{"buckets":null,"mode":"time","name":null,"show":true,"values":[]},"yaxes":[{"decimals":0,"format":"short","label":null,"logBase":1,"max":null,"min":null,"show":true},{"decimals":0,"format":"short","label":null,"logBase":1,"max":null,"min":null,"show":true}],"yaxis":{"align":false,"alignLevel":null}},{"aliasColors":{},"bars":true,"dashLength":10,"dashes":false,"datasource":"DevelopmentMonitor","decimals":0,"fill":1,"gridPos":{"h":9,"w":12,"x":12,"y":46},"id":9,"legend":{"alignAsTable":true,"avg":false,"current":true,"max":false,"min":false,"rightSide":true,"show":true,"total":false,"values":true},"lines":false,"linewidth":1,"links":[],"nullPointMode":"null","paceLength":10,"percentage":false,"pointradius":5,"points":false,"renderer":"flot","seriesOverrides":[],"spaceLength":10,"stack":false,"steppedLine":false,"targets":[{"appInsights":{"groupBy":"none","metricName":"select","rawQuery":false,"rawQueryString":"","spliton":"","timeGrainType":"auto","xaxis":"timestamp","yaxis":""},"azureLogAnalytics":{"query":"//change this example to create your own time series query\n\u003ctable name\u003e                                                              //the table to query (e.g. Usage, Heartbeat, Perf)\n| where $__timeFilter(TimeGenerated)                                      //this is a macro used to show the full chart’s time range, choose the datetime column here\n| summarize count() by \u003cgroup by column\u003e, bin(TimeGenerated, $__interval) //change “group by column” to a column in your table, such as “Computer”. The $__interval macro is used to auto-select the time grain. Can also use 1h, 5m etc.\n| order by TimeGenerated asc","resultFormat":"time_series","workspace":"502a68d4-d9e2-4132-8be8-b73119eb3361"},"azureMonitor":{"aggOptions":["None","Average","Minimum","Maximum","Total","Count"],"aggregation":"Total","alias":"{{resourcename}} {{dimensionvalue}}","dimension":"None","dimensionFilter":"*","dimensions":[{"text":"None","value":"None"},{"text":"Instance","value":"Instance"}],"metricDefinition":"Microsoft.Web/sites","metricName":"AppConnections","resourceGroup":"questsit","resourceName":"questsit-custom","timeGrain":"auto","timeGrains":[{"text":"auto","value":"auto"},{"text":"1 minute","value":"PT1M"},{"text":"5 minutes","value":"PT5M"},{"text":"15 minutes","value":"PT15M"},{"text":"30 minutes","value":"PT30M"},{"text":"1 hour","value":"PT1H"},{"text":"6 hours","value":"PT6H"},{"text":"12 hours","value":"PT12H"},{"text":"1 day","value":"P1D"}]},"queryType":"Azure Monitor","refId":"A"},{"appInsights":{"groupBy":"none","metricName":"select","rawQuery":false,"rawQueryString":"","spliton":"","timeGrainType":"auto","xaxis":"timestamp","yaxis":""},"azureLogAnalytics":{"query":"//change this example to create your own time series query\n\u003ctable name\u003e                                                              //the table to query (e.g. Usage, Heartbeat, Perf)\n| where $__timeFilter(TimeGenerated)                                      //this is a macro used to show the full chart’s time range, choose the datetime column here\n| summarize count() by \u003cgroup by column\u003e, bin(TimeGenerated, $__interval) //change “group by column” to a column in your table, such as “Computer”. The $__interval macro is used to auto-select the time grain. Can also use 1h, 5m etc.\n| order by TimeGenerated asc","resultFormat":"time_series","workspace":"502a68d4-d9e2-4132-8be8-b73119eb3361"},"azureMonitor":{"aggOptions":["None","Average","Minimum","Maximum","Total","Count"],"aggregation":"Total","alias":"{{resourcename}} {{dimensionvalue}}","dimension":"None","dimensionFilter":"*","dimensions":[{"text":"None","value":"None"},{"text":"Instance","value":"Instance"}],"metricDefinition":"Microsoft.Web/sites","metricName":"AppConnections","resourceGroup":"questsit","resourceName":"questsit-custom-api","timeGrain":"auto","timeGrains":[{"text":"auto","value":"auto"},{"text":"1 minute","value":"PT1M"},{"text":"5 minutes","value":"PT5M"},{"text":"15 minutes","value":"PT15M"},{"text":"30 minutes","value":"PT30M"},{"text":"1 hour","value":"PT1H"},{"text":"6 hours","value":"PT6H"},{"text":"12 hours","value":"PT12H"},{"text":"1 day","value":"P1D"}]},"queryType":"Azure Monitor","refId":"B"},{"appInsights":{"groupBy":"none","metricName":"select","rawQuery":false,"rawQueryString":"","spliton":"","timeGrainType":"auto","xaxis":"timestamp","yaxis":""},"azureLogAnalytics":{"query":"//change this example to create your own time series query\n\u003ctable name\u003e                                                              //the table to query (e.g. Usage, Heartbeat, Perf)\n| where $__timeFilter(TimeGenerated)                                      //this is a macro used to show the full chart’s time range, choose the datetime column here\n| summarize count() by \u003cgroup by column\u003e, bin(TimeGenerated, $__interval) //change “group by column” to a column in your table, such as “Computer”. The $__interval macro is used to auto-select the time grain. Can also use 1h, 5m etc.\n| order by TimeGenerated asc","resultFormat":"time_series","workspace":"502a68d4-d9e2-4132-8be8-b73119eb3361"},"azureMonitor":{"aggOptions":["None","Average","Minimum","Maximum","Total","Count"],"aggregation":"Total","alias":"{{resourcename}} - {{dimensionvalue}}","dimension":"Instance","dimensionFilter":"*","dimensions":[{"text":"None","value":"None"},{"text":"Instance","value":"Instance"}],"metricDefinition":"Microsoft.Web/sites","metricName":"AppConnections","resourceGroup":"questsit","resourceName":"questsit-custom","timeGrain":"auto","timeGrains":[{"text":"auto","value":"auto"},{"text":"1 minute","value":"PT1M"},{"text":"5 minutes","value":"PT5M"},{"text":"15 minutes","value":"PT15M"},{"text":"30 minutes","value":"PT30M"},{"text":"1 hour","value":"PT1H"},{"text":"6 hours","value":"PT6H"},{"text":"12 hours","value":"PT12H"},{"text":"1 day","value":"P1D"}]},"queryType":"Azure Monitor","refId":"C"},{"appInsights":{"groupBy":"none","metricName":"select","rawQuery":false,"rawQueryString":"","spliton":"","timeGrainType":"auto","xaxis":"timestamp","yaxis":""},"azureLogAnalytics":{"query":"//change this example to create your own time series query\n\u003ctable name\u003e                                                              //the table to query (e.g. Usage, Heartbeat, Perf)\n| where $__timeFilter(TimeGenerated)                                      //this is a macro used to show the full chart’s time range, choose the datetime column here\n| summarize count() by \u003cgroup by column\u003e, bin(TimeGenerated, $__interval) //change “group by column” to a column in your table, such as “Computer”. The $__interval macro is used to auto-select the time grain. Can also use 1h, 5m etc.\n| order by TimeGenerated asc","resultFormat":"time_series","workspace":"502a68d4-d9e2-4132-8be8-b73119eb3361"},"azureMonitor":{"aggOptions":["None","Average","Minimum","Maximum","Total","Count"],"aggregation":"Total","alias":"{{resourcename}} - {{dimensionvalue}}","dimension":"Instance","dimensionFilter":"*","dimensions":[{"text":"None","value":"None"},{"text":"Instance","value":"Instance"}],"metricDefinition":"Microsoft.Web/sites","metricName":"AppConnections","resourceGroup":"questsit","resourceName":"questsit-custom-api","timeGrain":"auto","timeGrains":[{"text":"auto","value":"auto"},{"text":"1 minute","value":"PT1M"},{"text":"5 minutes","value":"PT5M"},{"text":"15 minutes","value":"PT15M"},{"text":"30 minutes","value":"PT30M"},{"text":"1 hour","value":"PT1H"},{"text":"6 hours","value":"PT6H"},{"text":"12 hours","value":"PT12H"},{"text":"1 day","value":"P1D"}]},"queryType":"Azure Monitor","refId":"D"}],"thresholds":[],"timeFrom":null,"timeRegions":[],"timeShift":null,"title":"Omnius V2.0 Connections","tooltip":{"shared":true,"sort":2,"value_type":"individual"},"transparent":true,"type":"graph","xaxis":{"buckets":null,"mode":"time","name":null,"show":true,"values":[]},"yaxes":[{"decimals":0,"format":"short","label":null,"logBase":1,"max":null,"min":null,"show":true},{"decimals":0,"format":"short","label":null,"logBase":1,"max":null,"min":null,"show":true}],"yaxis":{"align":false,"alignLevel":null}},{"aliasColors":{},"bars":false,"dashLength":10,"dashes":false,"datasource":"DevelopmentMonitor","decimals":null,"fill":1,"gridPos":{"h":9,"w":24,"x":0,"y":55},"id":12,"legend":{"alignAsTable":true,"avg":false,"current":false,"max":true,"min":false,"rightSide":true,"show":true,"total":false,"values":true},"lines":true,"linewidth":1,"links":[],"nullPointMode":"null","paceLength":10,"percentage":false,"pointradius":5,"points":false,"renderer":"flot","seriesOverrides":[],"spaceLength":10,"stack":false,"steppedLine":false,"targets":[{"appInsights":{"groupBy":"none","metricName":"select","rawQuery":false,"rawQueryString":"","spliton":"","timeGrainType":"auto","xaxis":"timestamp","yaxis":""},"azureLogAnalytics":{"query":"//change this example to create your own time series query\n\u003ctable name\u003e                                                              //the table to query (e.g. Usage, Heartbeat, Perf)\n| where $__timeFilter(TimeGenerated)                                      //this is a macro used to show the full chart’s time range, choose the datetime column here\n| summarize count() by \u003cgroup by column\u003e, bin(TimeGenerated, $__interval) //change “group by column” to a column in your table, such as “Computer”. The $__interval macro is used to auto-select the time grain. Can also use 1h, 5m etc.\n| order by TimeGenerated asc","resultFormat":"time_series","workspace":"502a68d4-d9e2-4132-8be8-b73119eb3361"},"azureMonitor":{"aggOptions":["None","Average","Minimum","Maximum","Total","Count"],"aggregation":"Maximum","alias":"{{resourcename}} {{dimensionvalue}}","dimension":"None","dimensionFilter":"*","dimensions":[{"text":"None","value":"None"},{"text":"Instance","value":"Instance"}],"metricDefinition":"Microsoft.Web/sites","metricName":"MemoryWorkingSet","resourceGroup":"questsit","resourceName":"questsit","timeGrain":"auto","timeGrains":[{"text":"auto","value":"auto"},{"text":"1 minute","value":"PT1M"},{"text":"5 minutes","value":"PT5M"},{"text":"15 minutes","value":"PT15M"},{"text":"30 minutes","value":"PT30M"},{"text":"1 hour","value":"PT1H"},{"text":"6 hours","value":"PT6H"},{"text":"12 hours","value":"PT12H"},{"text":"1 day","value":"P1D"}]},"queryType":"Azure Monitor","refId":"C"},{"appInsights":{"groupBy":"none","metricName":"select","rawQuery":false,"rawQueryString":"","spliton":"","timeGrainType":"auto","xaxis":"timestamp","yaxis":""},"azureLogAnalytics":{"query":"//change this example to create your own time series query\n\u003ctable name\u003e                                                              //the table to query (e.g. Usage, Heartbeat, Perf)\n| where $__timeFilter(TimeGenerated)                                      //this is a macro used to show the full chart’s time range, choose the datetime column here\n| summarize count() by \u003cgroup by column\u003e, bin(TimeGenerated, $__interval) //change “group by column” to a column in your table, such as “Computer”. The $__interval macro is used to auto-select the time grain. Can also use 1h, 5m etc.\n| order by TimeGenerated asc","resultFormat":"time_series","workspace":"502a68d4-d9e2-4132-8be8-b73119eb3361"},"azureMonitor":{"aggOptions":["None","Average","Minimum","Maximum","Total","Count"],"aggregation":"Maximum","alias":"{{resourcename}} {{dimensionvalue}}","dimension":"None","dimensionFilter":"*","dimensions":[{"text":"None","value":"None"},{"text":"Instance","value":"Instance"}],"metricDefinition":"Microsoft.Web/sites","metricName":"MemoryWorkingSet","resourceGroup":"questsit","resourceName":"questsit-api","timeGrain":"auto","timeGrains":[{"text":"auto","value":"auto"},{"text":"1 minute","value":"PT1M"},{"text":"5 minutes","value":"PT5M"},{"text":"15 minutes","value":"PT15M"},{"text":"30 minutes","value":"PT30M"},{"text":"1 hour","value":"PT1H"},{"text":"6 hours","value":"PT6H"},{"text":"12 hours","value":"PT12H"},{"text":"1 day","value":"P1D"}]},"queryType":"Azure Monitor","refId":"D"},{"appInsights":{"groupBy":"none","metricName":"select","rawQuery":false,"rawQueryString":"","spliton":"","timeGrainType":"auto","xaxis":"timestamp","yaxis":""},"azureLogAnalytics":{"query":"//change this example to create your own time series query\n\u003ctable name\u003e                                                              //the table to query (e.g. Usage, Heartbeat, Perf)\n| where $__timeFilter(TimeGenerated)                                      //this is a macro used to show the full chart’s time range, choose the datetime column here\n| summarize count() by \u003cgroup by column\u003e, bin(TimeGenerated, $__interval) //change “group by column” to a column in your table, such as “Computer”. The $__interval macro is used to auto-select the time grain. Can also use 1h, 5m etc.\n| order by TimeGenerated asc","resultFormat":"time_series","workspace":"502a68d4-d9e2-4132-8be8-b73119eb3361"},"azureMonitor":{"aggOptions":["None","Average","Minimum","Maximum","Total","Count"],"aggregation":"Maximum","alias":"{{resourcename}} {{dimensionvalue}}","dimension":"None","dimensionFilter":"*","dimensions":[{"text":"None","value":"None"},{"text":"Instance","value":"Instance"}],"metricDefinition":"Microsoft.Web/sites","metricName":"MemoryWorkingSet","resourceGroup":"questsit","resourceName":"questsit-custom","timeGrain":"auto","timeGrains":[{"text":"auto","value":"auto"},{"text":"1 minute","value":"PT1M"},{"text":"5 minutes","value":"PT5M"},{"text":"15 minutes","value":"PT15M"},{"text":"30 minutes","value":"PT30M"},{"text":"1 hour","value":"PT1H"},{"text":"6 hours","value":"PT6H"},{"text":"12 hours","value":"PT12H"},{"text":"1 day","value":"P1D"}]},"queryType":"Azure Monitor","refId":"A"},{"appInsights":{"groupBy":"none","metricName":"select","rawQuery":false,"rawQueryString":"","spliton":"","timeGrainType":"auto","xaxis":"timestamp","yaxis":""},"azureLogAnalytics":{"query":"//change this example to create your own time series query\n\u003ctable name\u003e                                                              //the table to query (e.g. Usage, Heartbeat, Perf)\n| where $__timeFilter(TimeGenerated)                                      //this is a macro used to show the full chart’s time range, choose the datetime column here\n| summarize count() by \u003cgroup by column\u003e, bin(TimeGenerated, $__interval) //change “group by column” to a column in your table, such as “Computer”. The $__interval macro is used to auto-select the time grain. Can also use 1h, 5m etc.\n| order by TimeGenerated asc","resultFormat":"time_series","workspace":"502a68d4-d9e2-4132-8be8-b73119eb3361"},"azureMonitor":{"aggOptions":["None","Average","Minimum","Maximum","Total","Count"],"aggregation":"Maximum","alias":"{{resourcename}} {{dimensionvalue}}","dimension":"None","dimensionFilter":"*","dimensions":[{"text":"None","value":"None"},{"text":"Instance","value":"Instance"}],"metricDefinition":"Microsoft.Web/sites","metricName":"MemoryWorkingSet","resourceGroup":"questsit","resourceName":"questsit-custom-api","timeGrain":"auto","timeGrains":[{"text":"auto","value":"auto"},{"text":"1 minute","value":"PT1M"},{"text":"5 minutes","value":"PT5M"},{"text":"15 minutes","value":"PT15M"},{"text":"30 minutes","value":"PT30M"},{"text":"1 hour","value":"PT1H"},{"text":"6 hours","value":"PT6H"},{"text":"12 hours","value":"PT12H"},{"text":"1 day","value":"P1D"}]},"queryType":"Azure Monitor","refId":"B"},{"appInsights":{"groupBy":"none","metricName":"select","rawQuery":false,"rawQueryString":"","spliton":"","timeGrainType":"auto","xaxis":"timestamp","yaxis":""},"azureLogAnalytics":{"query":"//change this example to create your own time series query\n\u003ctable name\u003e                                                              //the table to query (e.g. Usage, Heartbeat, Perf)\n| where $__timeFilter(TimeGenerated)                                      //this is a macro used to show the full chart’s time range, choose the datetime column here\n| summarize count() by \u003cgroup by column\u003e, bin(TimeGenerated, $__interval) //change “group by column” to a column in your table, such as “Computer”. The $__interval macro is used to auto-select the time grain. Can also use 1h, 5m etc.\n| order by TimeGenerated asc","resultFormat":"time_series","workspace":"502a68d4-d9e2-4132-8be8-b73119eb3361"},"azureMonitor":{"aggOptions":["None","Average","Minimum","Maximum","Total","Count"],"aggregation":"Maximum","alias":"{{resourcename}} {{dimensionvalue}}","dimension":"None","dimensionFilter":"*","dimensions":[{"text":"None","value":"None"},{"text":"Instance","value":"Instance"}],"metricDefinition":"Microsoft.Web/sites","metricName":"MemoryWorkingSet","resourceGroup":"Default-Web-WestUS","resourceName":"questsandbox-auth","timeGrain":"auto","timeGrains":[{"text":"auto","value":"auto"},{"text":"1 minute","value":"PT1M"},{"text":"5 minutes","value":"PT5M"},{"text":"15 minutes","value":"PT15M"},{"text":"30 minutes","value":"PT30M"},{"text":"1 hour","value":"PT1H"},{"text":"6 hours","value":"PT6H"},{"text":"12 hours","value":"PT12H"},{"text":"1 day","value":"P1D"}]},"queryType":"Azure Monitor","refId":"E"},{"appInsights":{"groupBy":"none","metricName":"select","rawQuery":false,"rawQueryString":"","spliton":"","timeGrainType":"auto","xaxis":"timestamp","yaxis":""},"azureLogAnalytics":{"query":"//change this example to create your own time series query\n\u003ctable name\u003e                                                              //the table to query (e.g. Usage, Heartbeat, Perf)\n| where $__timeFilter(TimeGenerated)                                      //this is a macro used to show the full chart’s time range, choose the datetime column here\n| summarize count() by \u003cgroup by column\u003e, bin(TimeGenerated, $__interval) //change “group by column” to a column in your table, such as “Computer”. The $__interval macro is used to auto-select the time grain. Can also use 1h, 5m etc.\n| order by TimeGenerated asc","resultFormat":"time_series","workspace":"502a68d4-d9e2-4132-8be8-b73119eb3361"},"azureMonitor":{"aggOptions":["None","Average","Minimum","Maximum","Total","Count"],"aggregation":"Maximum","alias":"Functions - Function Execution Units","dimension":"None","dimensionFilter":"*","dimensions":[{"text":"None","value":"None"},{"text":"Instance","value":"Instance"}],"metricDefinition":"Microsoft.Web/sites","metricName":"MemoryWorkingSet","resourceGroup":"Default-Web-WestUS","resourceName":"OmniusSandboxFunctions","timeGrain":"auto","timeGrains":[{"text":"auto","value":"auto"},{"text":"1 minute","value":"PT1M"},{"text":"5 minutes","value":"PT5M"},{"text":"15 minutes","value":"PT15M"},{"text":"30 minutes","value":"PT30M"},{"text":"1 hour","value":"PT1H"},{"text":"6 hours","value":"PT6H"},{"text":"12 hours","value":"PT12H"},{"text":"1 day","value":"P1D"}]},"queryType":"Azure Monitor","refId":"G"}],"thresholds":[],"timeFrom":null,"timeRegions":[],"timeShift":null,"title":"Max Memory Working Set","tooltip":{"shared":true,"sort":2,"value_type":"individual"},"transparent":true,"type":"graph","xaxis":{"buckets":null,"mode":"time","name":null,"show":true,"values":[]},"yaxes":[{"format":"decbytes","label":null,"logBase":1,"max":null,"min":null,"show":true},{"format":"decbytes","label":null,"logBase":1,"max":null,"min":null,"show":true}],"yaxis":{"align":false,"alignLevel":null}}],"refresh":"1m","schemaVersion":18,"style":"dark","tags":[],"templating":{"list":[]},"time":{"from":"now-6h","to":"now"},"timepicker":{"refresh_intervals":["5s","10s","30s","1m","5m","15m","30m","1h","2h","1d"],"time_options":["5m","15m","1h","6h","12h","24h","2d","7d","30d"]},"timezone":"","title":"SIT - Web Apps","uid":"-W7frK7Zk","version":8}}