{"meta":{"type":"db","canSave":true,"canEdit":true,"canAdmin":true,"canStar":true,"slug":"production-virtual-machines","url":"/d/ztrYE2Qmk/production-virtual-machines","expires":"0001-01-01T00:00:00Z","created":"2019-01-16T18:22:50Z","updated":"2019-06-14T19:38:57Z","updatedBy":"patrick.delosreyes@azureadminquestanalytics.onmicrosoft.com","createdBy":"admin","version":7,"hasAcl":false,"isFolder":false,"folderId":14,"folderTitle":"VM's","folderUrl":"/dashboards/f/rImKn5wiz/vms","provisioned":false,"provisionedExternalId":""},"dashboard":{"annotations":{"list":[{"builtIn":1,"datasource":"-- Grafana --","enable":true,"hide":true,"iconColor":"rgba(0, 211, 255, 1)","name":"Annotations \u0026 Alerts","type":"dashboard"}]},"editable":true,"gnetId":null,"graphTooltip":0,"id":22,"links":[],"panels":[{"aliasColors":{},"bars":false,"dashLength":10,"dashes":false,"datasource":"ProductionMonitor","fill":1,"gridPos":{"h":7,"w":24,"x":0,"y":0},"id":1,"legend":{"alignAsTable":true,"avg":true,"current":false,"max":true,"min":false,"rightSide":true,"show":true,"total":false,"values":true},"lines":true,"linewidth":1,"links":[],"nullPointMode":"null","paceLength":10,"percentage":false,"pointradius":5,"points":false,"renderer":"flot","seriesOverrides":[],"spaceLength":10,"stack":false,"steppedLine":false,"targets":[{"appInsights":{"groupBy":"none","metricName":"select","rawQuery":false,"rawQueryString":"","spliton":"","timeGrainType":"auto","xaxis":"timestamp","yaxis":""},"azureLogAnalytics":{"query":"//change this example to create your own time series query\n\u003ctable name\u003e                                                              //the table to query (e.g. Usage, Heartbeat, Perf)\n| where $__timeFilter(TimeGenerated)                                      //this is a macro used to show the full chart’s time range, choose the datetime column here\n| summarize count() by \u003cgroup by column\u003e, bin(TimeGenerated, $__interval) //change “group by column” to a column in your table, such as “Computer”. The $__interval macro is used to auto-select the time grain. Can also use 1h, 5m etc.\n| order by TimeGenerated asc","resultFormat":"time_series","workspace":"f79b2607-d524-41e9-8812-b708a31e0469"},"azureMonitor":{"aggOptions":["None","Average","Minimum","Maximum","Total","Count"],"aggregation":"Average","alias":"{{resourcegroup}} - {{resourcename}}","dimension":"","dimensionFilter":"*","dimensions":[],"metricDefinition":"Microsoft.Compute/virtualMachines","metricName":"Percentage CPU","resourceGroup":"Default-VM-WestUS","resourceName":"prod-quest-ftp","timeGrain":"PT1M","timeGrains":[{"text":"auto","value":"auto"},{"text":"1 minute","value":"PT1M"},{"text":"5 minutes","value":"PT5M"},{"text":"15 minutes","value":"PT15M"},{"text":"30 minutes","value":"PT30M"},{"text":"1 hour","value":"PT1H"},{"text":"6 hours","value":"PT6H"},{"text":"12 hours","value":"PT12H"},{"text":"1 day","value":"P1D"}]},"expr":"","format":"time_series","intervalFactor":2,"queryType":"Azure Monitor","refId":"A"},{"appInsights":{"groupBy":"none","metricName":"select","rawQuery":false,"rawQueryString":"","spliton":"","timeGrainType":"auto","xaxis":"timestamp","yaxis":""},"azureLogAnalytics":{"query":"//change this example to create your own time series query\n\u003ctable name\u003e                                                              //the table to query (e.g. Usage, Heartbeat, Perf)\n| where $__timeFilter(TimeGenerated)                                      //this is a macro used to show the full chart’s time range, choose the datetime column here\n| summarize count() by \u003cgroup by column\u003e, bin(TimeGenerated, $__interval) //change “group by column” to a column in your table, such as “Computer”. The $__interval macro is used to auto-select the time grain. Can also use 1h, 5m etc.\n| order by TimeGenerated asc","resultFormat":"time_series","workspace":"f79b2607-d524-41e9-8812-b708a31e0469"},"azureMonitor":{"aggOptions":["None","Average","Minimum","Maximum","Total","Count"],"aggregation":"Average","alias":"{{resourcegroup}} - {{resourcename}}","dimension":"","dimensionFilter":"*","dimensions":[],"metricDefinition":"Microsoft.Compute/virtualMachines","metricName":"Percentage CPU","resourceGroup":"elasticsearch","resourceName":"chef","timeGrain":"PT1M","timeGrains":[{"text":"auto","value":"auto"},{"text":"1 minute","value":"PT1M"},{"text":"5 minutes","value":"PT5M"},{"text":"15 minutes","value":"PT15M"},{"text":"30 minutes","value":"PT30M"},{"text":"1 hour","value":"PT1H"},{"text":"6 hours","value":"PT6H"},{"text":"12 hours","value":"PT12H"},{"text":"1 day","value":"P1D"}]},"expr":"","format":"time_series","intervalFactor":2,"queryType":"Azure Monitor","refId":"A"},{"appInsights":{"groupBy":"none","metricName":"select","rawQuery":false,"rawQueryString":"","spliton":"","timeGrainType":"auto","xaxis":"timestamp","yaxis":""},"azureLogAnalytics":{"query":"//change this example to create your own time series query\n\u003ctable name\u003e                                                              //the table to query (e.g. Usage, Heartbeat, Perf)\n| where $__timeFilter(TimeGenerated)                                      //this is a macro used to show the full chart’s time range, choose the datetime column here\n| summarize count() by \u003cgroup by column\u003e, bin(TimeGenerated, $__interval) //change “group by column” to a column in your table, such as “Computer”. The $__interval macro is used to auto-select the time grain. Can also use 1h, 5m etc.\n| order by TimeGenerated asc","resultFormat":"time_series","workspace":"f79b2607-d524-41e9-8812-b708a31e0469"},"azureMonitor":{"aggOptions":["None","Average","Minimum","Maximum","Total","Count"],"aggregation":"Average","alias":"{{resourcegroup}} - {{resourcename}}","dimension":"","dimensionFilter":"*","dimensions":[],"metricDefinition":"Microsoft.Compute/virtualMachines","metricName":"Percentage CPU","resourceGroup":"elasticsearch","resourceName":"es-1","timeGrain":"PT1M","timeGrains":[{"text":"auto","value":"auto"},{"text":"1 minute","value":"PT1M"},{"text":"5 minutes","value":"PT5M"},{"text":"15 minutes","value":"PT15M"},{"text":"30 minutes","value":"PT30M"},{"text":"1 hour","value":"PT1H"},{"text":"6 hours","value":"PT6H"},{"text":"12 hours","value":"PT12H"},{"text":"1 day","value":"P1D"}]},"expr":"","format":"time_series","intervalFactor":2,"queryType":"Azure Monitor","refId":"A"},{"appInsights":{"groupBy":"none","metricName":"select","rawQuery":false,"rawQueryString":"","spliton":"","timeGrainType":"auto","xaxis":"timestamp","yaxis":""},"azureLogAnalytics":{"query":"//change this example to create your own time series query\n\u003ctable name\u003e                                                              //the table to query (e.g. Usage, Heartbeat, Perf)\n| where $__timeFilter(TimeGenerated)                                      //this is a macro used to show the full chart’s time range, choose the datetime column here\n| summarize count() by \u003cgroup by column\u003e, bin(TimeGenerated, $__interval) //change “group by column” to a column in your table, such as “Computer”. The $__interval macro is used to auto-select the time grain. Can also use 1h, 5m etc.\n| order by TimeGenerated asc","resultFormat":"time_series","workspace":"f79b2607-d524-41e9-8812-b708a31e0469"},"azureMonitor":{"aggOptions":["None","Average","Minimum","Maximum","Total","Count"],"aggregation":"Average","alias":"{{resourcegroup}} - {{resourcename}}","dimension":"","dimensionFilter":"*","dimensions":[],"metricDefinition":"Microsoft.Compute/virtualMachines","metricName":"Percentage CPU","resourceGroup":"elasticsearch","resourceName":"es-2","timeGrain":"PT1M","timeGrains":[{"text":"auto","value":"auto"},{"text":"1 minute","value":"PT1M"},{"text":"5 minutes","value":"PT5M"},{"text":"15 minutes","value":"PT15M"},{"text":"30 minutes","value":"PT30M"},{"text":"1 hour","value":"PT1H"},{"text":"6 hours","value":"PT6H"},{"text":"12 hours","value":"PT12H"},{"text":"1 day","value":"P1D"}]},"expr":"","format":"time_series","intervalFactor":2,"queryType":"Azure Monitor","refId":"A"},{"appInsights":{"groupBy":"none","metricName":"select","rawQuery":false,"rawQueryString":"","spliton":"","timeGrainType":"auto","xaxis":"timestamp","yaxis":""},"azureLogAnalytics":{"query":"//change this example to create your own time series query\n\u003ctable name\u003e                                                              //the table to query (e.g. Usage, Heartbeat, Perf)\n| where $__timeFilter(TimeGenerated)                                      //this is a macro used to show the full chart’s time range, choose the datetime column here\n| summarize count() by \u003cgroup by column\u003e, bin(TimeGenerated, $__interval) //change “group by column” to a column in your table, such as “Computer”. The $__interval macro is used to auto-select the time grain. Can also use 1h, 5m etc.\n| order by TimeGenerated asc","resultFormat":"time_series","workspace":"f79b2607-d524-41e9-8812-b708a31e0469"},"azureMonitor":{"aggOptions":["None","Average","Minimum","Maximum","Total","Count"],"aggregation":"Average","alias":"{{resourcegroup}} - {{resourcename}}","dimension":"","dimensionFilter":"*","dimensions":[],"metricDefinition":"Microsoft.Compute/virtualMachines","metricName":"Percentage CPU","resourceGroup":"elasticsearch","resourceName":"es-3","timeGrain":"PT1M","timeGrains":[{"text":"auto","value":"auto"},{"text":"1 minute","value":"PT1M"},{"text":"5 minutes","value":"PT5M"},{"text":"15 minutes","value":"PT15M"},{"text":"30 minutes","value":"PT30M"},{"text":"1 hour","value":"PT1H"},{"text":"6 hours","value":"PT6H"},{"text":"12 hours","value":"PT12H"},{"text":"1 day","value":"P1D"}]},"expr":"","format":"time_series","intervalFactor":2,"queryType":"Azure Monitor","refId":"A"},{"appInsights":{"groupBy":"none","metricName":"select","rawQuery":false,"rawQueryString":"","spliton":"","timeGrainType":"auto","xaxis":"timestamp","yaxis":""},"azureLogAnalytics":{"query":"//change this example to create your own time series query\n\u003ctable name\u003e                                                              //the table to query (e.g. Usage, Heartbeat, Perf)\n| where $__timeFilter(TimeGenerated)                                      //this is a macro used to show the full chart’s time range, choose the datetime column here\n| summarize count() by \u003cgroup by column\u003e, bin(TimeGenerated, $__interval) //change “group by column” to a column in your table, such as “Computer”. The $__interval macro is used to auto-select the time grain. Can also use 1h, 5m etc.\n| order by TimeGenerated asc","resultFormat":"time_series","workspace":"f79b2607-d524-41e9-8812-b708a31e0469"},"azureMonitor":{"aggOptions":["None","Average","Minimum","Maximum","Total","Count"],"aggregation":"Average","alias":"{{resourcegroup}} - {{resourcename}}","dimension":"","dimensionFilter":"*","dimensions":[],"metricDefinition":"Microsoft.Compute/virtualMachines","metricName":"Percentage CPU","resourceGroup":"elasticsearch","resourceName":"es-4","timeGrain":"PT1M","timeGrains":[{"text":"auto","value":"auto"},{"text":"1 minute","value":"PT1M"},{"text":"5 minutes","value":"PT5M"},{"text":"15 minutes","value":"PT15M"},{"text":"30 minutes","value":"PT30M"},{"text":"1 hour","value":"PT1H"},{"text":"6 hours","value":"PT6H"},{"text":"12 hours","value":"PT12H"},{"text":"1 day","value":"P1D"}]},"expr":"","format":"time_series","intervalFactor":2,"queryType":"Azure Monitor","refId":"A"},{"appInsights":{"groupBy":"none","metricName":"select","rawQuery":false,"rawQueryString":"","spliton":"","timeGrainType":"auto","xaxis":"timestamp","yaxis":""},"azureLogAnalytics":{"query":"//change this example to create your own time series query\n\u003ctable name\u003e                                                              //the table to query (e.g. Usage, Heartbeat, Perf)\n| where $__timeFilter(TimeGenerated)                                      //this is a macro used to show the full chart’s time range, choose the datetime column here\n| summarize count() by \u003cgroup by column\u003e, bin(TimeGenerated, $__interval) //change “group by column” to a column in your table, such as “Computer”. The $__interval macro is used to auto-select the time grain. Can also use 1h, 5m etc.\n| order by TimeGenerated asc","resultFormat":"time_series","workspace":"f79b2607-d524-41e9-8812-b708a31e0469"},"azureMonitor":{"aggOptions":["None","Average","Minimum","Maximum","Total","Count"],"aggregation":"Average","alias":"{{resourcegroup}} - {{resourcename}}","dimension":"","dimensionFilter":"*","dimensions":[],"metricDefinition":"Microsoft.Compute/virtualMachines","metricName":"Percentage CPU","resourceGroup":"elasticsearch","resourceName":"es-5","timeGrain":"PT1M","timeGrains":[{"text":"auto","value":"auto"},{"text":"1 minute","value":"PT1M"},{"text":"5 minutes","value":"PT5M"},{"text":"15 minutes","value":"PT15M"},{"text":"30 minutes","value":"PT30M"},{"text":"1 hour","value":"PT1H"},{"text":"6 hours","value":"PT6H"},{"text":"12 hours","value":"PT12H"},{"text":"1 day","value":"P1D"}]},"expr":"","format":"time_series","intervalFactor":2,"queryType":"Azure Monitor","refId":"A"},{"appInsights":{"groupBy":"none","metricName":"select","rawQuery":false,"rawQueryString":"","spliton":"","timeGrainType":"auto","xaxis":"timestamp","yaxis":""},"azureLogAnalytics":{"query":"//change this example to create your own time series query\n\u003ctable name\u003e                                                              //the table to query (e.g. Usage, Heartbeat, Perf)\n| where $__timeFilter(TimeGenerated)                                      //this is a macro used to show the full chart’s time range, choose the datetime column here\n| summarize count() by \u003cgroup by column\u003e, bin(TimeGenerated, $__interval) //change “group by column” to a column in your table, such as “Computer”. The $__interval macro is used to auto-select the time grain. Can also use 1h, 5m etc.\n| order by TimeGenerated asc","resultFormat":"time_series","workspace":"f79b2607-d524-41e9-8812-b708a31e0469"},"azureMonitor":{"aggOptions":["None","Average","Minimum","Maximum","Total","Count"],"aggregation":"Average","alias":"{{resourcegroup}} - {{resourcename}}","dimension":"","dimensionFilter":"*","dimensions":[],"metricDefinition":"Microsoft.Compute/virtualMachines","metricName":"Percentage CPU","resourceGroup":"elasticsearch","resourceName":"jump","timeGrain":"PT1M","timeGrains":[{"text":"auto","value":"auto"},{"text":"1 minute","value":"PT1M"},{"text":"5 minutes","value":"PT5M"},{"text":"15 minutes","value":"PT15M"},{"text":"30 minutes","value":"PT30M"},{"text":"1 hour","value":"PT1H"},{"text":"6 hours","value":"PT6H"},{"text":"12 hours","value":"PT12H"},{"text":"1 day","value":"P1D"}]},"expr":"","format":"time_series","intervalFactor":2,"queryType":"Azure Monitor","refId":"A"},{"appInsights":{"groupBy":"none","metricName":"select","rawQuery":false,"rawQueryString":"","spliton":"","timeGrainType":"auto","xaxis":"timestamp","yaxis":""},"azureLogAnalytics":{"query":"//change this example to create your own time series query\n\u003ctable name\u003e                                                              //the table to query (e.g. Usage, Heartbeat, Perf)\n| where $__timeFilter(TimeGenerated)                                      //this is a macro used to show the full chart’s time range, choose the datetime column here\n| summarize count() by \u003cgroup by column\u003e, bin(TimeGenerated, $__interval) //change “group by column” to a column in your table, such as “Computer”. The $__interval macro is used to auto-select the time grain. Can also use 1h, 5m etc.\n| order by TimeGenerated asc","resultFormat":"time_series","workspace":"f79b2607-d524-41e9-8812-b708a31e0469"},"azureMonitor":{"aggOptions":["None","Average","Minimum","Maximum","Total","Count"],"aggregation":"Average","alias":"{{resourcegroup}} - {{resourcename}}","dimension":"","dimensionFilter":"*","dimensions":[],"metricDefinition":"Microsoft.Compute/virtualMachines","metricName":"Percentage CPU","resourceGroup":"Production-SQLServer","resourceName":"QuestSQLProd01","timeGrain":"PT1M","timeGrains":[{"text":"auto","value":"auto"},{"text":"1 minute","value":"PT1M"},{"text":"5 minutes","value":"PT5M"},{"text":"15 minutes","value":"PT15M"},{"text":"30 minutes","value":"PT30M"},{"text":"1 hour","value":"PT1H"},{"text":"6 hours","value":"PT6H"},{"text":"12 hours","value":"PT12H"},{"text":"1 day","value":"P1D"}]},"expr":"","format":"time_series","intervalFactor":2,"queryType":"Azure Monitor","refId":"A"}],"thresholds":[],"timeFrom":null,"timeRegions":[],"timeShift":null,"title":"Percentage CPU","tooltip":{"shared":true,"sort":0,"value_type":"individual"},"type":"graph","xaxis":{"buckets":null,"mode":"time","name":null,"rightSide":true,"show":true,"values":[]},"yaxes":[{"format":"percent","label":null,"logBase":1,"max":null,"min":null,"rightSide":true,"show":true},{"format":"percent","label":null,"logBase":1,"max":null,"min":null,"rightSide":true,"show":true}],"yaxis":{"align":false,"alignLevel":null}},{"aliasColors":{},"bars":false,"dashLength":10,"dashes":false,"datasource":"ProductionMonitor","fill":1,"gridPos":{"h":5,"w":12,"x":0,"y":7},"id":2,"legend":{"alignAsTable":true,"avg":false,"current":false,"max":false,"min":false,"rightSide":true,"show":true,"total":true,"values":true},"lines":true,"linewidth":1,"links":[],"nullPointMode":"null","paceLength":10,"percentage":false,"pointradius":5,"points":false,"renderer":"flot","seriesOverrides":[],"spaceLength":10,"stack":false,"steppedLine":false,"targets":[{"appInsights":{"groupBy":"none","metricName":"select","rawQuery":false,"rawQueryString":"","spliton":"","timeGrainType":"auto","xaxis":"timestamp","yaxis":""},"azureLogAnalytics":{"query":"//change this example to create your own time series query\n\u003ctable name\u003e                                                              //the table to query (e.g. Usage, Heartbeat, Perf)\n| where $__timeFilter(TimeGenerated)                                      //this is a macro used to show the full chart’s time range, choose the datetime column here\n| summarize count() by \u003cgroup by column\u003e, bin(TimeGenerated, $__interval) //change “group by column” to a column in your table, such as “Computer”. The $__interval macro is used to auto-select the time grain. Can also use 1h, 5m etc.\n| order by TimeGenerated asc","resultFormat":"time_series","workspace":"046a50f5-b707-4248-b5b5-ada551a71035"},"azureMonitor":{"aggOptions":["None","Average","Minimum","Maximum","Total","Count"],"aggregation":"Total","alias":"{{resourcegroup}} - {{resourcename}}","dimension":"","dimensionFilter":"*","dimensions":[],"metricDefinition":"Microsoft.Compute/virtualMachines","metricName":"Network In","resourceGroup":"Default-VM-WestUS","resourceName":"prod-quest-ftp","timeGrain":"PT1M","timeGrains":[{"text":"auto","value":"auto"},{"text":"1 minute","value":"PT1M"},{"text":"5 minutes","value":"PT5M"},{"text":"15 minutes","value":"PT15M"},{"text":"30 minutes","value":"PT30M"},{"text":"1 hour","value":"PT1H"},{"text":"6 hours","value":"PT6H"},{"text":"12 hours","value":"PT12H"},{"text":"1 day","value":"P1D"}]},"expr":"","format":"time_series","intervalFactor":2,"queryType":"Azure Monitor","refId":"A"},{"appInsights":{"groupBy":"none","metricName":"select","rawQuery":false,"rawQueryString":"","spliton":"","timeGrainType":"auto","xaxis":"timestamp","yaxis":""},"azureLogAnalytics":{"query":"//change this example to create your own time series query\n\u003ctable name\u003e                                                              //the table to query (e.g. Usage, Heartbeat, Perf)\n| where $__timeFilter(TimeGenerated)                                      //this is a macro used to show the full chart’s time range, choose the datetime column here\n| summarize count() by \u003cgroup by column\u003e, bin(TimeGenerated, $__interval) //change “group by column” to a column in your table, such as “Computer”. The $__interval macro is used to auto-select the time grain. Can also use 1h, 5m etc.\n| order by TimeGenerated asc","resultFormat":"time_series","workspace":"046a50f5-b707-4248-b5b5-ada551a71035"},"azureMonitor":{"aggOptions":["None","Average","Minimum","Maximum","Total","Count"],"aggregation":"Total","alias":"{{resourcegroup}} - {{resourcename}}","dimension":"","dimensionFilter":"*","dimensions":[],"metricDefinition":"Microsoft.Compute/virtualMachines","metricName":"Network In","resourceGroup":"elasticsearch","resourceName":"chef","timeGrain":"PT1M","timeGrains":[{"text":"auto","value":"auto"},{"text":"1 minute","value":"PT1M"},{"text":"5 minutes","value":"PT5M"},{"text":"15 minutes","value":"PT15M"},{"text":"30 minutes","value":"PT30M"},{"text":"1 hour","value":"PT1H"},{"text":"6 hours","value":"PT6H"},{"text":"12 hours","value":"PT12H"},{"text":"1 day","value":"P1D"}]},"expr":"","format":"time_series","intervalFactor":2,"queryType":"Azure Monitor","refId":"A"},{"appInsights":{"groupBy":"none","metricName":"select","rawQuery":false,"rawQueryString":"","spliton":"","timeGrainType":"auto","xaxis":"timestamp","yaxis":""},"azureLogAnalytics":{"query":"//change this example to create your own time series query\n\u003ctable name\u003e                                                              //the table to query (e.g. Usage, Heartbeat, Perf)\n| where $__timeFilter(TimeGenerated)                                      //this is a macro used to show the full chart’s time range, choose the datetime column here\n| summarize count() by \u003cgroup by column\u003e, bin(TimeGenerated, $__interval) //change “group by column” to a column in your table, such as “Computer”. The $__interval macro is used to auto-select the time grain. Can also use 1h, 5m etc.\n| order by TimeGenerated asc","resultFormat":"time_series","workspace":"046a50f5-b707-4248-b5b5-ada551a71035"},"azureMonitor":{"aggOptions":["None","Average","Minimum","Maximum","Total","Count"],"aggregation":"Total","alias":"{{resourcegroup}} - {{resourcename}}","dimension":"","dimensionFilter":"*","dimensions":[],"metricDefinition":"Microsoft.Compute/virtualMachines","metricName":"Network In","resourceGroup":"elasticsearch","resourceName":"es-1","timeGrain":"PT1M","timeGrains":[{"text":"auto","value":"auto"},{"text":"1 minute","value":"PT1M"},{"text":"5 minutes","value":"PT5M"},{"text":"15 minutes","value":"PT15M"},{"text":"30 minutes","value":"PT30M"},{"text":"1 hour","value":"PT1H"},{"text":"6 hours","value":"PT6H"},{"text":"12 hours","value":"PT12H"},{"text":"1 day","value":"P1D"}]},"expr":"","format":"time_series","intervalFactor":2,"queryType":"Azure Monitor","refId":"A"},{"appInsights":{"groupBy":"none","metricName":"select","rawQuery":false,"rawQueryString":"","spliton":"","timeGrainType":"auto","xaxis":"timestamp","yaxis":""},"azureLogAnalytics":{"query":"//change this example to create your own time series query\n\u003ctable name\u003e                                                              //the table to query (e.g. Usage, Heartbeat, Perf)\n| where $__timeFilter(TimeGenerated)                                      //this is a macro used to show the full chart’s time range, choose the datetime column here\n| summarize count() by \u003cgroup by column\u003e, bin(TimeGenerated, $__interval) //change “group by column” to a column in your table, such as “Computer”. The $__interval macro is used to auto-select the time grain. Can also use 1h, 5m etc.\n| order by TimeGenerated asc","resultFormat":"time_series","workspace":"046a50f5-b707-4248-b5b5-ada551a71035"},"azureMonitor":{"aggOptions":["None","Average","Minimum","Maximum","Total","Count"],"aggregation":"Total","alias":"{{resourcegroup}} - {{resourcename}}","dimension":"","dimensionFilter":"*","dimensions":[],"metricDefinition":"Microsoft.Compute/virtualMachines","metricName":"Network In","resourceGroup":"elasticsearch","resourceName":"es-2","timeGrain":"PT1M","timeGrains":[{"text":"auto","value":"auto"},{"text":"1 minute","value":"PT1M"},{"text":"5 minutes","value":"PT5M"},{"text":"15 minutes","value":"PT15M"},{"text":"30 minutes","value":"PT30M"},{"text":"1 hour","value":"PT1H"},{"text":"6 hours","value":"PT6H"},{"text":"12 hours","value":"PT12H"},{"text":"1 day","value":"P1D"}]},"expr":"","format":"time_series","intervalFactor":2,"queryType":"Azure Monitor","refId":"A"},{"appInsights":{"groupBy":"none","metricName":"select","rawQuery":false,"rawQueryString":"","spliton":"","timeGrainType":"auto","xaxis":"timestamp","yaxis":""},"azureLogAnalytics":{"query":"//change this example to create your own time series query\n\u003ctable name\u003e                                                              //the table to query (e.g. Usage, Heartbeat, Perf)\n| where $__timeFilter(TimeGenerated)                                      //this is a macro used to show the full chart’s time range, choose the datetime column here\n| summarize count() by \u003cgroup by column\u003e, bin(TimeGenerated, $__interval) //change “group by column” to a column in your table, such as “Computer”. The $__interval macro is used to auto-select the time grain. Can also use 1h, 5m etc.\n| order by TimeGenerated asc","resultFormat":"time_series","workspace":"046a50f5-b707-4248-b5b5-ada551a71035"},"azureMonitor":{"aggOptions":["None","Average","Minimum","Maximum","Total","Count"],"aggregation":"Total","alias":"{{resourcegroup}} - {{resourcename}}","dimension":"","dimensionFilter":"*","dimensions":[],"metricDefinition":"Microsoft.Compute/virtualMachines","metricName":"Network In","resourceGroup":"elasticsearch","resourceName":"es-3","timeGrain":"PT1M","timeGrains":[{"text":"auto","value":"auto"},{"text":"1 minute","value":"PT1M"},{"text":"5 minutes","value":"PT5M"},{"text":"15 minutes","value":"PT15M"},{"text":"30 minutes","value":"PT30M"},{"text":"1 hour","value":"PT1H"},{"text":"6 hours","value":"PT6H"},{"text":"12 hours","value":"PT12H"},{"text":"1 day","value":"P1D"}]},"expr":"","format":"time_series","intervalFactor":2,"queryType":"Azure Monitor","refId":"A"},{"appInsights":{"groupBy":"none","metricName":"select","rawQuery":false,"rawQueryString":"","spliton":"","timeGrainType":"auto","xaxis":"timestamp","yaxis":""},"azureLogAnalytics":{"query":"//change this example to create your own time series query\n\u003ctable name\u003e                                                              //the table to query (e.g. Usage, Heartbeat, Perf)\n| where $__timeFilter(TimeGenerated)                                      //this is a macro used to show the full chart’s time range, choose the datetime column here\n| summarize count() by \u003cgroup by column\u003e, bin(TimeGenerated, $__interval) //change “group by column” to a column in your table, such as “Computer”. The $__interval macro is used to auto-select the time grain. Can also use 1h, 5m etc.\n| order by TimeGenerated asc","resultFormat":"time_series","workspace":"046a50f5-b707-4248-b5b5-ada551a71035"},"azureMonitor":{"aggOptions":["None","Average","Minimum","Maximum","Total","Count"],"aggregation":"Total","alias":"{{resourcegroup}} - {{resourcename}}","dimension":"","dimensionFilter":"*","dimensions":[],"metricDefinition":"Microsoft.Compute/virtualMachines","metricName":"Network In","resourceGroup":"elasticsearch","resourceName":"es-4","timeGrain":"PT1M","timeGrains":[{"text":"auto","value":"auto"},{"text":"1 minute","value":"PT1M"},{"text":"5 minutes","value":"PT5M"},{"text":"15 minutes","value":"PT15M"},{"text":"30 minutes","value":"PT30M"},{"text":"1 hour","value":"PT1H"},{"text":"6 hours","value":"PT6H"},{"text":"12 hours","value":"PT12H"},{"text":"1 day","value":"P1D"}]},"expr":"","format":"time_series","intervalFactor":2,"queryType":"Azure Monitor","refId":"A"},{"appInsights":{"groupBy":"none","metricName":"select","rawQuery":false,"rawQueryString":"","spliton":"","timeGrainType":"auto","xaxis":"timestamp","yaxis":""},"azureLogAnalytics":{"query":"//change this example to create your own time series query\n\u003ctable name\u003e                                                              //the table to query (e.g. Usage, Heartbeat, Perf)\n| where $__timeFilter(TimeGenerated)                                      //this is a macro used to show the full chart’s time range, choose the datetime column here\n| summarize count() by \u003cgroup by column\u003e, bin(TimeGenerated, $__interval) //change “group by column” to a column in your table, such as “Computer”. The $__interval macro is used to auto-select the time grain. Can also use 1h, 5m etc.\n| order by TimeGenerated asc","resultFormat":"time_series","workspace":"046a50f5-b707-4248-b5b5-ada551a71035"},"azureMonitor":{"aggOptions":["None","Average","Minimum","Maximum","Total","Count"],"aggregation":"Total","alias":"{{resourcegroup}} - {{resourcename}}","dimension":"","dimensionFilter":"*","dimensions":[],"metricDefinition":"Microsoft.Compute/virtualMachines","metricName":"Network In","resourceGroup":"elasticsearch","resourceName":"es-5","timeGrain":"PT1M","timeGrains":[{"text":"auto","value":"auto"},{"text":"1 minute","value":"PT1M"},{"text":"5 minutes","value":"PT5M"},{"text":"15 minutes","value":"PT15M"},{"text":"30 minutes","value":"PT30M"},{"text":"1 hour","value":"PT1H"},{"text":"6 hours","value":"PT6H"},{"text":"12 hours","value":"PT12H"},{"text":"1 day","value":"P1D"}]},"expr":"","format":"time_series","intervalFactor":2,"queryType":"Azure Monitor","refId":"A"},{"appInsights":{"groupBy":"none","metricName":"select","rawQuery":false,"rawQueryString":"","spliton":"","timeGrainType":"auto","xaxis":"timestamp","yaxis":""},"azureLogAnalytics":{"query":"//change this example to create your own time series query\n\u003ctable name\u003e                                                              //the table to query (e.g. Usage, Heartbeat, Perf)\n| where $__timeFilter(TimeGenerated)                                      //this is a macro used to show the full chart’s time range, choose the datetime column here\n| summarize count() by \u003cgroup by column\u003e, bin(TimeGenerated, $__interval) //change “group by column” to a column in your table, such as “Computer”. The $__interval macro is used to auto-select the time grain. Can also use 1h, 5m etc.\n| order by TimeGenerated asc","resultFormat":"time_series","workspace":"046a50f5-b707-4248-b5b5-ada551a71035"},"azureMonitor":{"aggOptions":["None","Average","Minimum","Maximum","Total","Count"],"aggregation":"Total","alias":"{{resourcegroup}} - {{resourcename}}","dimension":"","dimensionFilter":"*","dimensions":[],"metricDefinition":"Microsoft.Compute/virtualMachines","metricName":"Network In","resourceGroup":"elasticsearch","resourceName":"jump","timeGrain":"PT1M","timeGrains":[{"text":"auto","value":"auto"},{"text":"1 minute","value":"PT1M"},{"text":"5 minutes","value":"PT5M"},{"text":"15 minutes","value":"PT15M"},{"text":"30 minutes","value":"PT30M"},{"text":"1 hour","value":"PT1H"},{"text":"6 hours","value":"PT6H"},{"text":"12 hours","value":"PT12H"},{"text":"1 day","value":"P1D"}]},"expr":"","format":"time_series","intervalFactor":2,"queryType":"Azure Monitor","refId":"A"},{"appInsights":{"groupBy":"none","metricName":"select","rawQuery":false,"rawQueryString":"","spliton":"","timeGrainType":"auto","xaxis":"timestamp","yaxis":""},"azureLogAnalytics":{"query":"//change this example to create your own time series query\n\u003ctable name\u003e                                                              //the table to query (e.g. Usage, Heartbeat, Perf)\n| where $__timeFilter(TimeGenerated)                                      //this is a macro used to show the full chart’s time range, choose the datetime column here\n| summarize count() by \u003cgroup by column\u003e, bin(TimeGenerated, $__interval) //change “group by column” to a column in your table, such as “Computer”. The $__interval macro is used to auto-select the time grain. Can also use 1h, 5m etc.\n| order by TimeGenerated asc","resultFormat":"time_series","workspace":"046a50f5-b707-4248-b5b5-ada551a71035"},"azureMonitor":{"aggOptions":["None","Average","Minimum","Maximum","Total","Count"],"aggregation":"Total","alias":"{{resourcegroup}} - {{resourcename}}","dimension":"","dimensionFilter":"*","dimensions":[],"metricDefinition":"Microsoft.Compute/virtualMachines","metricName":"Network In","resourceGroup":"Production-SQLServer","resourceName":"QuestSQLProd01","timeGrain":"PT1M","timeGrains":[{"text":"auto","value":"auto"},{"text":"1 minute","value":"PT1M"},{"text":"5 minutes","value":"PT5M"},{"text":"15 minutes","value":"PT15M"},{"text":"30 minutes","value":"PT30M"},{"text":"1 hour","value":"PT1H"},{"text":"6 hours","value":"PT6H"},{"text":"12 hours","value":"PT12H"},{"text":"1 day","value":"P1D"}]},"expr":"","format":"time_series","intervalFactor":2,"queryType":"Azure Monitor","refId":"A"}],"thresholds":[],"timeFrom":null,"timeRegions":[],"timeShift":null,"title":"Network In","tooltip":{"shared":true,"sort":0,"value_type":"individual"},"type":"graph","xaxis":{"buckets":null,"mode":"time","name":null,"rightSide":true,"show":true,"values":[]},"yaxes":[{"format":"decbytes","label":null,"logBase":1,"max":null,"min":null,"rightSide":true,"show":true},{"decimals":null,"format":"decbytes","label":null,"logBase":1,"max":null,"min":null,"rightSide":true,"show":true}],"yaxis":{"align":false,"alignLevel":null}},{"aliasColors":{},"bars":false,"dashLength":10,"dashes":false,"datasource":"ProductionMonitor","fill":1,"gridPos":{"h":5,"w":12,"x":12,"y":7},"id":3,"legend":{"alignAsTable":true,"avg":false,"current":false,"max":false,"min":false,"rightSide":true,"show":true,"total":true,"values":true},"lines":true,"linewidth":1,"links":[],"nullPointMode":"null","paceLength":10,"percentage":false,"pointradius":5,"points":false,"renderer":"flot","seriesOverrides":[],"spaceLength":10,"stack":false,"steppedLine":false,"targets":[{"appInsights":{"groupBy":"none","metricName":"select","rawQuery":false,"rawQueryString":"","spliton":"","timeGrainType":"auto","xaxis":"timestamp","yaxis":""},"azureLogAnalytics":{"query":"//change this example to create your own time series query\n\u003ctable name\u003e                                                              //the table to query (e.g. Usage, Heartbeat, Perf)\n| where $__timeFilter(TimeGenerated)                                      //this is a macro used to show the full chart’s time range, choose the datetime column here\n| summarize count() by \u003cgroup by column\u003e, bin(TimeGenerated, $__interval) //change “group by column” to a column in your table, such as “Computer”. The $__interval macro is used to auto-select the time grain. Can also use 1h, 5m etc.\n| order by TimeGenerated asc","resultFormat":"time_series","workspace":"046a50f5-b707-4248-b5b5-ada551a71035"},"azureMonitor":{"aggOptions":["None","Average","Minimum","Maximum","Total","Count"],"aggregation":"Total","alias":"{{resourcegroup}} - {{resourcename}}","dimension":"","dimensionFilter":"*","dimensions":[],"metricDefinition":"Microsoft.Compute/virtualMachines","metricName":"Network Out","resourceGroup":"Default-VM-WestUS","resourceName":"prod-quest-ftp","timeGrain":"PT1M","timeGrains":[{"text":"auto","value":"auto"},{"text":"1 minute","value":"PT1M"},{"text":"5 minutes","value":"PT5M"},{"text":"15 minutes","value":"PT15M"},{"text":"30 minutes","value":"PT30M"},{"text":"1 hour","value":"PT1H"},{"text":"6 hours","value":"PT6H"},{"text":"12 hours","value":"PT12H"},{"text":"1 day","value":"P1D"}]},"expr":"","format":"time_series","intervalFactor":2,"queryType":"Azure Monitor","refId":"A"},{"appInsights":{"groupBy":"none","metricName":"select","rawQuery":false,"rawQueryString":"","spliton":"","timeGrainType":"auto","xaxis":"timestamp","yaxis":""},"azureLogAnalytics":{"query":"//change this example to create your own time series query\n\u003ctable name\u003e                                                              //the table to query (e.g. Usage, Heartbeat, Perf)\n| where $__timeFilter(TimeGenerated)                                      //this is a macro used to show the full chart’s time range, choose the datetime column here\n| summarize count() by \u003cgroup by column\u003e, bin(TimeGenerated, $__interval) //change “group by column” to a column in your table, such as “Computer”. The $__interval macro is used to auto-select the time grain. Can also use 1h, 5m etc.\n| order by TimeGenerated asc","resultFormat":"time_series","workspace":"046a50f5-b707-4248-b5b5-ada551a71035"},"azureMonitor":{"aggOptions":["None","Average","Minimum","Maximum","Total","Count"],"aggregation":"Total","alias":"{{resourcegroup}} - {{resourcename}}","dimension":"","dimensionFilter":"*","dimensions":[],"metricDefinition":"Microsoft.Compute/virtualMachines","metricName":"Network Out","resourceGroup":"elasticsearch","resourceName":"chef","timeGrain":"PT1M","timeGrains":[{"text":"auto","value":"auto"},{"text":"1 minute","value":"PT1M"},{"text":"5 minutes","value":"PT5M"},{"text":"15 minutes","value":"PT15M"},{"text":"30 minutes","value":"PT30M"},{"text":"1 hour","value":"PT1H"},{"text":"6 hours","value":"PT6H"},{"text":"12 hours","value":"PT12H"},{"text":"1 day","value":"P1D"}]},"expr":"","format":"time_series","intervalFactor":2,"queryType":"Azure Monitor","refId":"A"},{"appInsights":{"groupBy":"none","metricName":"select","rawQuery":false,"rawQueryString":"","spliton":"","timeGrainType":"auto","xaxis":"timestamp","yaxis":""},"azureLogAnalytics":{"query":"//change this example to create your own time series query\n\u003ctable name\u003e                                                              //the table to query (e.g. Usage, Heartbeat, Perf)\n| where $__timeFilter(TimeGenerated)                                      //this is a macro used to show the full chart’s time range, choose the datetime column here\n| summarize count() by \u003cgroup by column\u003e, bin(TimeGenerated, $__interval) //change “group by column” to a column in your table, such as “Computer”. The $__interval macro is used to auto-select the time grain. Can also use 1h, 5m etc.\n| order by TimeGenerated asc","resultFormat":"time_series","workspace":"046a50f5-b707-4248-b5b5-ada551a71035"},"azureMonitor":{"aggOptions":["None","Average","Minimum","Maximum","Total","Count"],"aggregation":"Total","alias":"{{resourcegroup}} - {{resourcename}}","dimension":"","dimensionFilter":"*","dimensions":[],"metricDefinition":"Microsoft.Compute/virtualMachines","metricName":"Network Out","resourceGroup":"elasticsearch","resourceName":"es-1","timeGrain":"PT1M","timeGrains":[{"text":"auto","value":"auto"},{"text":"1 minute","value":"PT1M"},{"text":"5 minutes","value":"PT5M"},{"text":"15 minutes","value":"PT15M"},{"text":"30 minutes","value":"PT30M"},{"text":"1 hour","value":"PT1H"},{"text":"6 hours","value":"PT6H"},{"text":"12 hours","value":"PT12H"},{"text":"1 day","value":"P1D"}]},"expr":"","format":"time_series","intervalFactor":2,"queryType":"Azure Monitor","refId":"A"},{"appInsights":{"groupBy":"none","metricName":"select","rawQuery":false,"rawQueryString":"","spliton":"","timeGrainType":"auto","xaxis":"timestamp","yaxis":""},"azureLogAnalytics":{"query":"//change this example to create your own time series query\n\u003ctable name\u003e                                                              //the table to query (e.g. Usage, Heartbeat, Perf)\n| where $__timeFilter(TimeGenerated)                                      //this is a macro used to show the full chart’s time range, choose the datetime column here\n| summarize count() by \u003cgroup by column\u003e, bin(TimeGenerated, $__interval) //change “group by column” to a column in your table, such as “Computer”. The $__interval macro is used to auto-select the time grain. Can also use 1h, 5m etc.\n| order by TimeGenerated asc","resultFormat":"time_series","workspace":"046a50f5-b707-4248-b5b5-ada551a71035"},"azureMonitor":{"aggOptions":["None","Average","Minimum","Maximum","Total","Count"],"aggregation":"Total","alias":"{{resourcegroup}} - {{resourcename}}","dimension":"","dimensionFilter":"*","dimensions":[],"metricDefinition":"Microsoft.Compute/virtualMachines","metricName":"Network Out","resourceGroup":"elasticsearch","resourceName":"es-2","timeGrain":"PT1M","timeGrains":[{"text":"auto","value":"auto"},{"text":"1 minute","value":"PT1M"},{"text":"5 minutes","value":"PT5M"},{"text":"15 minutes","value":"PT15M"},{"text":"30 minutes","value":"PT30M"},{"text":"1 hour","value":"PT1H"},{"text":"6 hours","value":"PT6H"},{"text":"12 hours","value":"PT12H"},{"text":"1 day","value":"P1D"}]},"expr":"","format":"time_series","intervalFactor":2,"queryType":"Azure Monitor","refId":"A"},{"appInsights":{"groupBy":"none","metricName":"select","rawQuery":false,"rawQueryString":"","spliton":"","timeGrainType":"auto","xaxis":"timestamp","yaxis":""},"azureLogAnalytics":{"query":"//change this example to create your own time series query\n\u003ctable name\u003e                                                              //the table to query (e.g. Usage, Heartbeat, Perf)\n| where $__timeFilter(TimeGenerated)                                      //this is a macro used to show the full chart’s time range, choose the datetime column here\n| summarize count() by \u003cgroup by column\u003e, bin(TimeGenerated, $__interval) //change “group by column” to a column in your table, such as “Computer”. The $__interval macro is used to auto-select the time grain. Can also use 1h, 5m etc.\n| order by TimeGenerated asc","resultFormat":"time_series","workspace":"046a50f5-b707-4248-b5b5-ada551a71035"},"azureMonitor":{"aggOptions":["None","Average","Minimum","Maximum","Total","Count"],"aggregation":"Total","alias":"{{resourcegroup}} - {{resourcename}}","dimension":"","dimensionFilter":"*","dimensions":[],"metricDefinition":"Microsoft.Compute/virtualMachines","metricName":"Network Out","resourceGroup":"elasticsearch","resourceName":"es-3","timeGrain":"PT1M","timeGrains":[{"text":"auto","value":"auto"},{"text":"1 minute","value":"PT1M"},{"text":"5 minutes","value":"PT5M"},{"text":"15 minutes","value":"PT15M"},{"text":"30 minutes","value":"PT30M"},{"text":"1 hour","value":"PT1H"},{"text":"6 hours","value":"PT6H"},{"text":"12 hours","value":"PT12H"},{"text":"1 day","value":"P1D"}]},"expr":"","format":"time_series","intervalFactor":2,"queryType":"Azure Monitor","refId":"A"},{"appInsights":{"groupBy":"none","metricName":"select","rawQuery":false,"rawQueryString":"","spliton":"","timeGrainType":"auto","xaxis":"timestamp","yaxis":""},"azureLogAnalytics":{"query":"//change this example to create your own time series query\n\u003ctable name\u003e                                                              //the table to query (e.g. Usage, Heartbeat, Perf)\n| where $__timeFilter(TimeGenerated)                                      //this is a macro used to show the full chart’s time range, choose the datetime column here\n| summarize count() by \u003cgroup by column\u003e, bin(TimeGenerated, $__interval) //change “group by column” to a column in your table, such as “Computer”. The $__interval macro is used to auto-select the time grain. Can also use 1h, 5m etc.\n| order by TimeGenerated asc","resultFormat":"time_series","workspace":"046a50f5-b707-4248-b5b5-ada551a71035"},"azureMonitor":{"aggOptions":["None","Average","Minimum","Maximum","Total","Count"],"aggregation":"Total","alias":"{{resourcegroup}} - {{resourcename}}","dimension":"","dimensionFilter":"*","dimensions":[],"metricDefinition":"Microsoft.Compute/virtualMachines","metricName":"Network Out","resourceGroup":"elasticsearch","resourceName":"es-4","timeGrain":"PT1M","timeGrains":[{"text":"auto","value":"auto"},{"text":"1 minute","value":"PT1M"},{"text":"5 minutes","value":"PT5M"},{"text":"15 minutes","value":"PT15M"},{"text":"30 minutes","value":"PT30M"},{"text":"1 hour","value":"PT1H"},{"text":"6 hours","value":"PT6H"},{"text":"12 hours","value":"PT12H"},{"text":"1 day","value":"P1D"}]},"expr":"","format":"time_series","intervalFactor":2,"queryType":"Azure Monitor","refId":"A"},{"appInsights":{"groupBy":"none","metricName":"select","rawQuery":false,"rawQueryString":"","spliton":"","timeGrainType":"auto","xaxis":"timestamp","yaxis":""},"azureLogAnalytics":{"query":"//change this example to create your own time series query\n\u003ctable name\u003e                                                              //the table to query (e.g. Usage, Heartbeat, Perf)\n| where $__timeFilter(TimeGenerated)                                      //this is a macro used to show the full chart’s time range, choose the datetime column here\n| summarize count() by \u003cgroup by column\u003e, bin(TimeGenerated, $__interval) //change “group by column” to a column in your table, such as “Computer”. The $__interval macro is used to auto-select the time grain. Can also use 1h, 5m etc.\n| order by TimeGenerated asc","resultFormat":"time_series","workspace":"046a50f5-b707-4248-b5b5-ada551a71035"},"azureMonitor":{"aggOptions":["None","Average","Minimum","Maximum","Total","Count"],"aggregation":"Total","alias":"{{resourcegroup}} - {{resourcename}}","dimension":"","dimensionFilter":"*","dimensions":[],"metricDefinition":"Microsoft.Compute/virtualMachines","metricName":"Network Out","resourceGroup":"elasticsearch","resourceName":"es-5","timeGrain":"PT1M","timeGrains":[{"text":"auto","value":"auto"},{"text":"1 minute","value":"PT1M"},{"text":"5 minutes","value":"PT5M"},{"text":"15 minutes","value":"PT15M"},{"text":"30 minutes","value":"PT30M"},{"text":"1 hour","value":"PT1H"},{"text":"6 hours","value":"PT6H"},{"text":"12 hours","value":"PT12H"},{"text":"1 day","value":"P1D"}]},"expr":"","format":"time_series","intervalFactor":2,"queryType":"Azure Monitor","refId":"A"},{"appInsights":{"groupBy":"none","metricName":"select","rawQuery":false,"rawQueryString":"","spliton":"","timeGrainType":"auto","xaxis":"timestamp","yaxis":""},"azureLogAnalytics":{"query":"//change this example to create your own time series query\n\u003ctable name\u003e                                                              //the table to query (e.g. Usage, Heartbeat, Perf)\n| where $__timeFilter(TimeGenerated)                                      //this is a macro used to show the full chart’s time range, choose the datetime column here\n| summarize count() by \u003cgroup by column\u003e, bin(TimeGenerated, $__interval) //change “group by column” to a column in your table, such as “Computer”. The $__interval macro is used to auto-select the time grain. Can also use 1h, 5m etc.\n| order by TimeGenerated asc","resultFormat":"time_series","workspace":"046a50f5-b707-4248-b5b5-ada551a71035"},"azureMonitor":{"aggOptions":["None","Average","Minimum","Maximum","Total","Count"],"aggregation":"Total","alias":"{{resourcegroup}} - {{resourcename}}","dimension":"","dimensionFilter":"*","dimensions":[],"metricDefinition":"Microsoft.Compute/virtualMachines","metricName":"Network Out","resourceGroup":"elasticsearch","resourceName":"jump","timeGrain":"PT1M","timeGrains":[{"text":"auto","value":"auto"},{"text":"1 minute","value":"PT1M"},{"text":"5 minutes","value":"PT5M"},{"text":"15 minutes","value":"PT15M"},{"text":"30 minutes","value":"PT30M"},{"text":"1 hour","value":"PT1H"},{"text":"6 hours","value":"PT6H"},{"text":"12 hours","value":"PT12H"},{"text":"1 day","value":"P1D"}]},"expr":"","format":"time_series","intervalFactor":2,"queryType":"Azure Monitor","refId":"A"},{"appInsights":{"groupBy":"none","metricName":"select","rawQuery":false,"rawQueryString":"","spliton":"","timeGrainType":"auto","xaxis":"timestamp","yaxis":""},"azureLogAnalytics":{"query":"//change this example to create your own time series query\n\u003ctable name\u003e                                                              //the table to query (e.g. Usage, Heartbeat, Perf)\n| where $__timeFilter(TimeGenerated)                                      //this is a macro used to show the full chart’s time range, choose the datetime column here\n| summarize count() by \u003cgroup by column\u003e, bin(TimeGenerated, $__interval) //change “group by column” to a column in your table, such as “Computer”. The $__interval macro is used to auto-select the time grain. Can also use 1h, 5m etc.\n| order by TimeGenerated asc","resultFormat":"time_series","workspace":"046a50f5-b707-4248-b5b5-ada551a71035"},"azureMonitor":{"aggOptions":["None","Average","Minimum","Maximum","Total","Count"],"aggregation":"Total","alias":"{{resourcegroup}} - {{resourcename}}","dimension":"","dimensionFilter":"*","dimensions":[],"metricDefinition":"Microsoft.Compute/virtualMachines","metricName":"Network Out","resourceGroup":"Production-SQLServer","resourceName":"QuestSQLProd01","timeGrain":"PT1M","timeGrains":[{"text":"auto","value":"auto"},{"text":"1 minute","value":"PT1M"},{"text":"5 minutes","value":"PT5M"},{"text":"15 minutes","value":"PT15M"},{"text":"30 minutes","value":"PT30M"},{"text":"1 hour","value":"PT1H"},{"text":"6 hours","value":"PT6H"},{"text":"12 hours","value":"PT12H"},{"text":"1 day","value":"P1D"}]},"expr":"","format":"time_series","intervalFactor":2,"queryType":"Azure Monitor","refId":"A"}],"thresholds":[],"timeFrom":null,"timeRegions":[],"timeShift":null,"title":"Network Out","tooltip":{"shared":true,"sort":2,"value_type":"individual"},"type":"graph","xaxis":{"buckets":null,"mode":"time","name":null,"rightSide":true,"show":true,"values":[]},"yaxes":[{"format":"decbytes","label":null,"logBase":1,"max":null,"min":null,"rightSide":true,"show":true},{"decimals":null,"format":"decbytes","label":null,"logBase":1,"max":null,"min":null,"rightSide":true,"show":true}],"yaxis":{"align":false,"alignLevel":null}},{"aliasColors":{},"bars":false,"dashLength":10,"dashes":false,"datasource":"ProductionMonitor","fill":1,"gridPos":{"h":7,"w":12,"x":0,"y":12},"id":4,"legend":{"alignAsTable":true,"avg":false,"current":false,"max":false,"min":false,"rightSide":true,"show":true,"total":true,"values":true},"lines":true,"linewidth":1,"links":[],"nullPointMode":"null","paceLength":10,"percentage":false,"pointradius":5,"points":false,"renderer":"flot","seriesOverrides":[],"spaceLength":10,"stack":false,"steppedLine":false,"targets":[{"appInsights":{"groupBy":"none","metricName":"select","rawQuery":false,"rawQueryString":"","spliton":"","timeGrainType":"auto","xaxis":"timestamp","yaxis":""},"azureLogAnalytics":{"query":"//change this example to create your own time series query\n\u003ctable name\u003e                                                              //the table to query (e.g. Usage, Heartbeat, Perf)\n| where $__timeFilter(TimeGenerated)                                      //this is a macro used to show the full chart’s time range, choose the datetime column here\n| summarize count() by \u003cgroup by column\u003e, bin(TimeGenerated, $__interval) //change “group by column” to a column in your table, such as “Computer”. The $__interval macro is used to auto-select the time grain. Can also use 1h, 5m etc.\n| order by TimeGenerated asc","resultFormat":"time_series","workspace":"046a50f5-b707-4248-b5b5-ada551a71035"},"azureMonitor":{"aggOptions":["None","Average","Minimum","Maximum","Total","Count"],"aggregation":"Total","alias":"{{resourcegroup}} - {{resourcename}}","dimension":"","dimensionFilter":"*","dimensions":[],"metricDefinition":"Microsoft.Compute/virtualMachines","metricName":"Disk Read Bytes","resourceGroup":"Default-VM-WestUS","resourceName":"prod-quest-ftp","timeGrain":"PT1M","timeGrains":[{"text":"auto","value":"auto"},{"text":"1 minute","value":"PT1M"},{"text":"5 minutes","value":"PT5M"},{"text":"15 minutes","value":"PT15M"},{"text":"30 minutes","value":"PT30M"},{"text":"1 hour","value":"PT1H"},{"text":"6 hours","value":"PT6H"},{"text":"12 hours","value":"PT12H"},{"text":"1 day","value":"P1D"}]},"expr":"","format":"time_series","intervalFactor":2,"queryType":"Azure Monitor","refId":"A"},{"appInsights":{"groupBy":"none","metricName":"select","rawQuery":false,"rawQueryString":"","spliton":"","timeGrainType":"auto","xaxis":"timestamp","yaxis":""},"azureLogAnalytics":{"query":"//change this example to create your own time series query\n\u003ctable name\u003e                                                              //the table to query (e.g. Usage, Heartbeat, Perf)\n| where $__timeFilter(TimeGenerated)                                      //this is a macro used to show the full chart’s time range, choose the datetime column here\n| summarize count() by \u003cgroup by column\u003e, bin(TimeGenerated, $__interval) //change “group by column” to a column in your table, such as “Computer”. The $__interval macro is used to auto-select the time grain. Can also use 1h, 5m etc.\n| order by TimeGenerated asc","resultFormat":"time_series","workspace":"046a50f5-b707-4248-b5b5-ada551a71035"},"azureMonitor":{"aggOptions":["None","Average","Minimum","Maximum","Total","Count"],"aggregation":"Total","alias":"{{resourcegroup}} - {{resourcename}}","dimension":"","dimensionFilter":"*","dimensions":[],"metricDefinition":"Microsoft.Compute/virtualMachines","metricName":"Disk Read Bytes","resourceGroup":"elasticsearch","resourceName":"chef","timeGrain":"PT1M","timeGrains":[{"text":"auto","value":"auto"},{"text":"1 minute","value":"PT1M"},{"text":"5 minutes","value":"PT5M"},{"text":"15 minutes","value":"PT15M"},{"text":"30 minutes","value":"PT30M"},{"text":"1 hour","value":"PT1H"},{"text":"6 hours","value":"PT6H"},{"text":"12 hours","value":"PT12H"},{"text":"1 day","value":"P1D"}]},"expr":"","format":"time_series","intervalFactor":2,"queryType":"Azure Monitor","refId":"A"},{"appInsights":{"groupBy":"none","metricName":"select","rawQuery":false,"rawQueryString":"","spliton":"","timeGrainType":"auto","xaxis":"timestamp","yaxis":""},"azureLogAnalytics":{"query":"//change this example to create your own time series query\n\u003ctable name\u003e                                                              //the table to query (e.g. Usage, Heartbeat, Perf)\n| where $__timeFilter(TimeGenerated)                                      //this is a macro used to show the full chart’s time range, choose the datetime column here\n| summarize count() by \u003cgroup by column\u003e, bin(TimeGenerated, $__interval) //change “group by column” to a column in your table, such as “Computer”. The $__interval macro is used to auto-select the time grain. Can also use 1h, 5m etc.\n| order by TimeGenerated asc","resultFormat":"time_series","workspace":"046a50f5-b707-4248-b5b5-ada551a71035"},"azureMonitor":{"aggOptions":["None","Average","Minimum","Maximum","Total","Count"],"aggregation":"Total","alias":"{{resourcegroup}} - {{resourcename}}","dimension":"","dimensionFilter":"*","dimensions":[],"metricDefinition":"Microsoft.Compute/virtualMachines","metricName":"Disk Read Bytes","resourceGroup":"elasticsearch","resourceName":"es-1","timeGrain":"PT1M","timeGrains":[{"text":"auto","value":"auto"},{"text":"1 minute","value":"PT1M"},{"text":"5 minutes","value":"PT5M"},{"text":"15 minutes","value":"PT15M"},{"text":"30 minutes","value":"PT30M"},{"text":"1 hour","value":"PT1H"},{"text":"6 hours","value":"PT6H"},{"text":"12 hours","value":"PT12H"},{"text":"1 day","value":"P1D"}]},"expr":"","format":"time_series","intervalFactor":2,"queryType":"Azure Monitor","refId":"A"},{"appInsights":{"groupBy":"none","metricName":"select","rawQuery":false,"rawQueryString":"","spliton":"","timeGrainType":"auto","xaxis":"timestamp","yaxis":""},"azureLogAnalytics":{"query":"//change this example to create your own time series query\n\u003ctable name\u003e                                                              //the table to query (e.g. Usage, Heartbeat, Perf)\n| where $__timeFilter(TimeGenerated)                                      //this is a macro used to show the full chart’s time range, choose the datetime column here\n| summarize count() by \u003cgroup by column\u003e, bin(TimeGenerated, $__interval) //change “group by column” to a column in your table, such as “Computer”. The $__interval macro is used to auto-select the time grain. Can also use 1h, 5m etc.\n| order by TimeGenerated asc","resultFormat":"time_series","workspace":"046a50f5-b707-4248-b5b5-ada551a71035"},"azureMonitor":{"aggOptions":["None","Average","Minimum","Maximum","Total","Count"],"aggregation":"Total","alias":"{{resourcegroup}} - {{resourcename}}","dimension":"","dimensionFilter":"*","dimensions":[],"metricDefinition":"Microsoft.Compute/virtualMachines","metricName":"Disk Read Bytes","resourceGroup":"elasticsearch","resourceName":"es-2","timeGrain":"PT1M","timeGrains":[{"text":"auto","value":"auto"},{"text":"1 minute","value":"PT1M"},{"text":"5 minutes","value":"PT5M"},{"text":"15 minutes","value":"PT15M"},{"text":"30 minutes","value":"PT30M"},{"text":"1 hour","value":"PT1H"},{"text":"6 hours","value":"PT6H"},{"text":"12 hours","value":"PT12H"},{"text":"1 day","value":"P1D"}]},"expr":"","format":"time_series","intervalFactor":2,"queryType":"Azure Monitor","refId":"A"},{"appInsights":{"groupBy":"none","metricName":"select","rawQuery":false,"rawQueryString":"","spliton":"","timeGrainType":"auto","xaxis":"timestamp","yaxis":""},"azureLogAnalytics":{"query":"//change this example to create your own time series query\n\u003ctable name\u003e                                                              //the table to query (e.g. Usage, Heartbeat, Perf)\n| where $__timeFilter(TimeGenerated)                                      //this is a macro used to show the full chart’s time range, choose the datetime column here\n| summarize count() by \u003cgroup by column\u003e, bin(TimeGenerated, $__interval) //change “group by column” to a column in your table, such as “Computer”. The $__interval macro is used to auto-select the time grain. Can also use 1h, 5m etc.\n| order by TimeGenerated asc","resultFormat":"time_series","workspace":"046a50f5-b707-4248-b5b5-ada551a71035"},"azureMonitor":{"aggOptions":["None","Average","Minimum","Maximum","Total","Count"],"aggregation":"Total","alias":"{{resourcegroup}} - {{resourcename}}","dimension":"","dimensionFilter":"*","dimensions":[],"metricDefinition":"Microsoft.Compute/virtualMachines","metricName":"Disk Read Bytes","resourceGroup":"elasticsearch","resourceName":"es-3","timeGrain":"PT1M","timeGrains":[{"text":"auto","value":"auto"},{"text":"1 minute","value":"PT1M"},{"text":"5 minutes","value":"PT5M"},{"text":"15 minutes","value":"PT15M"},{"text":"30 minutes","value":"PT30M"},{"text":"1 hour","value":"PT1H"},{"text":"6 hours","value":"PT6H"},{"text":"12 hours","value":"PT12H"},{"text":"1 day","value":"P1D"}]},"expr":"","format":"time_series","intervalFactor":2,"queryType":"Azure Monitor","refId":"A"},{"appInsights":{"groupBy":"none","metricName":"select","rawQuery":false,"rawQueryString":"","spliton":"","timeGrainType":"auto","xaxis":"timestamp","yaxis":""},"azureLogAnalytics":{"query":"//change this example to create your own time series query\n\u003ctable name\u003e                                                              //the table to query (e.g. Usage, Heartbeat, Perf)\n| where $__timeFilter(TimeGenerated)                                      //this is a macro used to show the full chart’s time range, choose the datetime column here\n| summarize count() by \u003cgroup by column\u003e, bin(TimeGenerated, $__interval) //change “group by column” to a column in your table, such as “Computer”. The $__interval macro is used to auto-select the time grain. Can also use 1h, 5m etc.\n| order by TimeGenerated asc","resultFormat":"time_series","workspace":"046a50f5-b707-4248-b5b5-ada551a71035"},"azureMonitor":{"aggOptions":["None","Average","Minimum","Maximum","Total","Count"],"aggregation":"Total","alias":"{{resourcegroup}} - {{resourcename}}","dimension":"","dimensionFilter":"*","dimensions":[],"metricDefinition":"Microsoft.Compute/virtualMachines","metricName":"Disk Read Bytes","resourceGroup":"elasticsearch","resourceName":"es-4","timeGrain":"PT1M","timeGrains":[{"text":"auto","value":"auto"},{"text":"1 minute","value":"PT1M"},{"text":"5 minutes","value":"PT5M"},{"text":"15 minutes","value":"PT15M"},{"text":"30 minutes","value":"PT30M"},{"text":"1 hour","value":"PT1H"},{"text":"6 hours","value":"PT6H"},{"text":"12 hours","value":"PT12H"},{"text":"1 day","value":"P1D"}]},"expr":"","format":"time_series","intervalFactor":2,"queryType":"Azure Monitor","refId":"A"},{"appInsights":{"groupBy":"none","metricName":"select","rawQuery":false,"rawQueryString":"","spliton":"","timeGrainType":"auto","xaxis":"timestamp","yaxis":""},"azureLogAnalytics":{"query":"//change this example to create your own time series query\n\u003ctable name\u003e                                                              //the table to query (e.g. Usage, Heartbeat, Perf)\n| where $__timeFilter(TimeGenerated)                                      //this is a macro used to show the full chart’s time range, choose the datetime column here\n| summarize count() by \u003cgroup by column\u003e, bin(TimeGenerated, $__interval) //change “group by column” to a column in your table, such as “Computer”. The $__interval macro is used to auto-select the time grain. Can also use 1h, 5m etc.\n| order by TimeGenerated asc","resultFormat":"time_series","workspace":"046a50f5-b707-4248-b5b5-ada551a71035"},"azureMonitor":{"aggOptions":["None","Average","Minimum","Maximum","Total","Count"],"aggregation":"Total","alias":"{{resourcegroup}} - {{resourcename}}","dimension":"","dimensionFilter":"*","dimensions":[],"metricDefinition":"Microsoft.Compute/virtualMachines","metricName":"Disk Read Bytes","resourceGroup":"elasticsearch","resourceName":"es-5","timeGrain":"PT1M","timeGrains":[{"text":"auto","value":"auto"},{"text":"1 minute","value":"PT1M"},{"text":"5 minutes","value":"PT5M"},{"text":"15 minutes","value":"PT15M"},{"text":"30 minutes","value":"PT30M"},{"text":"1 hour","value":"PT1H"},{"text":"6 hours","value":"PT6H"},{"text":"12 hours","value":"PT12H"},{"text":"1 day","value":"P1D"}]},"expr":"","format":"time_series","intervalFactor":2,"queryType":"Azure Monitor","refId":"A"},{"appInsights":{"groupBy":"none","metricName":"select","rawQuery":false,"rawQueryString":"","spliton":"","timeGrainType":"auto","xaxis":"timestamp","yaxis":""},"azureLogAnalytics":{"query":"//change this example to create your own time series query\n\u003ctable name\u003e                                                              //the table to query (e.g. Usage, Heartbeat, Perf)\n| where $__timeFilter(TimeGenerated)                                      //this is a macro used to show the full chart’s time range, choose the datetime column here\n| summarize count() by \u003cgroup by column\u003e, bin(TimeGenerated, $__interval) //change “group by column” to a column in your table, such as “Computer”. The $__interval macro is used to auto-select the time grain. Can also use 1h, 5m etc.\n| order by TimeGenerated asc","resultFormat":"time_series","workspace":"046a50f5-b707-4248-b5b5-ada551a71035"},"azureMonitor":{"aggOptions":["None","Average","Minimum","Maximum","Total","Count"],"aggregation":"Total","alias":"{{resourcegroup}} - {{resourcename}}","dimension":"","dimensionFilter":"*","dimensions":[],"metricDefinition":"Microsoft.Compute/virtualMachines","metricName":"Disk Read Bytes","resourceGroup":"elasticsearch","resourceName":"jump","timeGrain":"PT1M","timeGrains":[{"text":"auto","value":"auto"},{"text":"1 minute","value":"PT1M"},{"text":"5 minutes","value":"PT5M"},{"text":"15 minutes","value":"PT15M"},{"text":"30 minutes","value":"PT30M"},{"text":"1 hour","value":"PT1H"},{"text":"6 hours","value":"PT6H"},{"text":"12 hours","value":"PT12H"},{"text":"1 day","value":"P1D"}]},"expr":"","format":"time_series","intervalFactor":2,"queryType":"Azure Monitor","refId":"A"},{"appInsights":{"groupBy":"none","metricName":"select","rawQuery":false,"rawQueryString":"","spliton":"","timeGrainType":"auto","xaxis":"timestamp","yaxis":""},"azureLogAnalytics":{"query":"//change this example to create your own time series query\n\u003ctable name\u003e                                                              //the table to query (e.g. Usage, Heartbeat, Perf)\n| where $__timeFilter(TimeGenerated)                                      //this is a macro used to show the full chart’s time range, choose the datetime column here\n| summarize count() by \u003cgroup by column\u003e, bin(TimeGenerated, $__interval) //change “group by column” to a column in your table, such as “Computer”. The $__interval macro is used to auto-select the time grain. Can also use 1h, 5m etc.\n| order by TimeGenerated asc","resultFormat":"time_series","workspace":"046a50f5-b707-4248-b5b5-ada551a71035"},"azureMonitor":{"aggOptions":["None","Average","Minimum","Maximum","Total","Count"],"aggregation":"Total","alias":"{{resourcegroup}} - {{resourcename}}","dimension":"","dimensionFilter":"*","dimensions":[],"metricDefinition":"Microsoft.Compute/virtualMachines","metricName":"Disk Read Bytes","resourceGroup":"Production-SQLServer","resourceName":"QuestSQLProd01","timeGrain":"PT1M","timeGrains":[{"text":"auto","value":"auto"},{"text":"1 minute","value":"PT1M"},{"text":"5 minutes","value":"PT5M"},{"text":"15 minutes","value":"PT15M"},{"text":"30 minutes","value":"PT30M"},{"text":"1 hour","value":"PT1H"},{"text":"6 hours","value":"PT6H"},{"text":"12 hours","value":"PT12H"},{"text":"1 day","value":"P1D"}]},"expr":"","format":"time_series","intervalFactor":2,"queryType":"Azure Monitor","refId":"A"}],"thresholds":[],"timeFrom":null,"timeRegions":[],"timeShift":null,"title":"Disk Read Bytes","tooltip":{"shared":true,"sort":0,"value_type":"individual"},"type":"graph","xaxis":{"buckets":null,"mode":"time","name":null,"rightSide":true,"show":true,"values":[]},"yaxes":[{"format":"decbytes","label":null,"logBase":1,"max":null,"min":null,"rightSide":true,"show":true},{"format":"decbytes","label":null,"logBase":1,"max":null,"min":null,"rightSide":true,"show":true}],"yaxis":{"align":false,"alignLevel":null}},{"aliasColors":{},"bars":false,"dashLength":10,"dashes":false,"datasource":"ProductionMonitor","fill":1,"gridPos":{"h":7,"w":12,"x":12,"y":12},"id":5,"legend":{"alignAsTable":true,"avg":false,"current":false,"max":false,"min":false,"rightSide":true,"show":true,"total":true,"values":true},"lines":true,"linewidth":1,"links":[],"nullPointMode":"null","paceLength":10,"percentage":false,"pointradius":5,"points":false,"renderer":"flot","seriesOverrides":[],"spaceLength":10,"stack":false,"steppedLine":false,"targets":[{"appInsights":{"groupBy":"none","metricName":"select","rawQuery":false,"rawQueryString":"","spliton":"","timeGrainType":"auto","xaxis":"timestamp","yaxis":""},"azureLogAnalytics":{"query":"//change this example to create your own time series query\n\u003ctable name\u003e                                                              //the table to query (e.g. Usage, Heartbeat, Perf)\n| where $__timeFilter(TimeGenerated)                                      //this is a macro used to show the full chart’s time range, choose the datetime column here\n| summarize count() by \u003cgroup by column\u003e, bin(TimeGenerated, $__interval) //change “group by column” to a column in your table, such as “Computer”. The $__interval macro is used to auto-select the time grain. Can also use 1h, 5m etc.\n| order by TimeGenerated asc","resultFormat":"time_series","workspace":"046a50f5-b707-4248-b5b5-ada551a71035"},"azureMonitor":{"aggOptions":["None","Average","Minimum","Maximum","Total","Count"],"aggregation":"Total","alias":"{{resourcegroup}} - {{resourcename}}","dimension":"","dimensionFilter":"*","dimensions":[],"metricDefinition":"Microsoft.Compute/virtualMachines","metricName":"Disk Write Bytes","resourceGroup":"Default-VM-WestUS","resourceName":"prod-quest-ftp","timeGrain":"PT1M","timeGrains":[{"text":"auto","value":"auto"},{"text":"1 minute","value":"PT1M"},{"text":"5 minutes","value":"PT5M"},{"text":"15 minutes","value":"PT15M"},{"text":"30 minutes","value":"PT30M"},{"text":"1 hour","value":"PT1H"},{"text":"6 hours","value":"PT6H"},{"text":"12 hours","value":"PT12H"},{"text":"1 day","value":"P1D"}]},"expr":"","format":"time_series","intervalFactor":2,"queryType":"Azure Monitor","refId":"A"},{"appInsights":{"groupBy":"none","metricName":"select","rawQuery":false,"rawQueryString":"","spliton":"","timeGrainType":"auto","xaxis":"timestamp","yaxis":""},"azureLogAnalytics":{"query":"//change this example to create your own time series query\n\u003ctable name\u003e                                                              //the table to query (e.g. Usage, Heartbeat, Perf)\n| where $__timeFilter(TimeGenerated)                                      //this is a macro used to show the full chart’s time range, choose the datetime column here\n| summarize count() by \u003cgroup by column\u003e, bin(TimeGenerated, $__interval) //change “group by column” to a column in your table, such as “Computer”. The $__interval macro is used to auto-select the time grain. Can also use 1h, 5m etc.\n| order by TimeGenerated asc","resultFormat":"time_series","workspace":"046a50f5-b707-4248-b5b5-ada551a71035"},"azureMonitor":{"aggOptions":["None","Average","Minimum","Maximum","Total","Count"],"aggregation":"Total","alias":"{{resourcegroup}} - {{resourcename}}","dimension":"","dimensionFilter":"*","dimensions":[],"metricDefinition":"Microsoft.Compute/virtualMachines","metricName":"Disk Write Bytes","resourceGroup":"elasticsearch","resourceName":"chef","timeGrain":"PT1M","timeGrains":[{"text":"auto","value":"auto"},{"text":"1 minute","value":"PT1M"},{"text":"5 minutes","value":"PT5M"},{"text":"15 minutes","value":"PT15M"},{"text":"30 minutes","value":"PT30M"},{"text":"1 hour","value":"PT1H"},{"text":"6 hours","value":"PT6H"},{"text":"12 hours","value":"PT12H"},{"text":"1 day","value":"P1D"}]},"expr":"","format":"time_series","intervalFactor":2,"queryType":"Azure Monitor","refId":"A"},{"appInsights":{"groupBy":"none","metricName":"select","rawQuery":false,"rawQueryString":"","spliton":"","timeGrainType":"auto","xaxis":"timestamp","yaxis":""},"azureLogAnalytics":{"query":"//change this example to create your own time series query\n\u003ctable name\u003e                                                              //the table to query (e.g. Usage, Heartbeat, Perf)\n| where $__timeFilter(TimeGenerated)                                      //this is a macro used to show the full chart’s time range, choose the datetime column here\n| summarize count() by \u003cgroup by column\u003e, bin(TimeGenerated, $__interval) //change “group by column” to a column in your table, such as “Computer”. The $__interval macro is used to auto-select the time grain. Can also use 1h, 5m etc.\n| order by TimeGenerated asc","resultFormat":"time_series","workspace":"046a50f5-b707-4248-b5b5-ada551a71035"},"azureMonitor":{"aggOptions":["None","Average","Minimum","Maximum","Total","Count"],"aggregation":"Total","alias":"{{resourcegroup}} - {{resourcename}}","dimension":"","dimensionFilter":"*","dimensions":[],"metricDefinition":"Microsoft.Compute/virtualMachines","metricName":"Disk Write Bytes","resourceGroup":"elasticsearch","resourceName":"es-1","timeGrain":"PT1M","timeGrains":[{"text":"auto","value":"auto"},{"text":"1 minute","value":"PT1M"},{"text":"5 minutes","value":"PT5M"},{"text":"15 minutes","value":"PT15M"},{"text":"30 minutes","value":"PT30M"},{"text":"1 hour","value":"PT1H"},{"text":"6 hours","value":"PT6H"},{"text":"12 hours","value":"PT12H"},{"text":"1 day","value":"P1D"}]},"expr":"","format":"time_series","intervalFactor":2,"queryType":"Azure Monitor","refId":"A"},{"appInsights":{"groupBy":"none","metricName":"select","rawQuery":false,"rawQueryString":"","spliton":"","timeGrainType":"auto","xaxis":"timestamp","yaxis":""},"azureLogAnalytics":{"query":"//change this example to create your own time series query\n\u003ctable name\u003e                                                              //the table to query (e.g. Usage, Heartbeat, Perf)\n| where $__timeFilter(TimeGenerated)                                      //this is a macro used to show the full chart’s time range, choose the datetime column here\n| summarize count() by \u003cgroup by column\u003e, bin(TimeGenerated, $__interval) //change “group by column” to a column in your table, such as “Computer”. The $__interval macro is used to auto-select the time grain. Can also use 1h, 5m etc.\n| order by TimeGenerated asc","resultFormat":"time_series","workspace":"046a50f5-b707-4248-b5b5-ada551a71035"},"azureMonitor":{"aggOptions":["None","Average","Minimum","Maximum","Total","Count"],"aggregation":"Total","alias":"{{resourcegroup}} - {{resourcename}}","dimension":"","dimensionFilter":"*","dimensions":[],"metricDefinition":"Microsoft.Compute/virtualMachines","metricName":"Disk Write Bytes","resourceGroup":"elasticsearch","resourceName":"es-2","timeGrain":"PT1M","timeGrains":[{"text":"auto","value":"auto"},{"text":"1 minute","value":"PT1M"},{"text":"5 minutes","value":"PT5M"},{"text":"15 minutes","value":"PT15M"},{"text":"30 minutes","value":"PT30M"},{"text":"1 hour","value":"PT1H"},{"text":"6 hours","value":"PT6H"},{"text":"12 hours","value":"PT12H"},{"text":"1 day","value":"P1D"}]},"expr":"","format":"time_series","intervalFactor":2,"queryType":"Azure Monitor","refId":"A"},{"appInsights":{"groupBy":"none","metricName":"select","rawQuery":false,"rawQueryString":"","spliton":"","timeGrainType":"auto","xaxis":"timestamp","yaxis":""},"azureLogAnalytics":{"query":"//change this example to create your own time series query\n\u003ctable name\u003e                                                              //the table to query (e.g. Usage, Heartbeat, Perf)\n| where $__timeFilter(TimeGenerated)                                      //this is a macro used to show the full chart’s time range, choose the datetime column here\n| summarize count() by \u003cgroup by column\u003e, bin(TimeGenerated, $__interval) //change “group by column” to a column in your table, such as “Computer”. The $__interval macro is used to auto-select the time grain. Can also use 1h, 5m etc.\n| order by TimeGenerated asc","resultFormat":"time_series","workspace":"046a50f5-b707-4248-b5b5-ada551a71035"},"azureMonitor":{"aggOptions":["None","Average","Minimum","Maximum","Total","Count"],"aggregation":"Total","alias":"{{resourcegroup}} - {{resourcename}}","dimension":"","dimensionFilter":"*","dimensions":[],"metricDefinition":"Microsoft.Compute/virtualMachines","metricName":"Disk Write Bytes","resourceGroup":"elasticsearch","resourceName":"es-3","timeGrain":"PT1M","timeGrains":[{"text":"auto","value":"auto"},{"text":"1 minute","value":"PT1M"},{"text":"5 minutes","value":"PT5M"},{"text":"15 minutes","value":"PT15M"},{"text":"30 minutes","value":"PT30M"},{"text":"1 hour","value":"PT1H"},{"text":"6 hours","value":"PT6H"},{"text":"12 hours","value":"PT12H"},{"text":"1 day","value":"P1D"}]},"expr":"","format":"time_series","intervalFactor":2,"queryType":"Azure Monitor","refId":"A"},{"appInsights":{"groupBy":"none","metricName":"select","rawQuery":false,"rawQueryString":"","spliton":"","timeGrainType":"auto","xaxis":"timestamp","yaxis":""},"azureLogAnalytics":{"query":"//change this example to create your own time series query\n\u003ctable name\u003e                                                              //the table to query (e.g. Usage, Heartbeat, Perf)\n| where $__timeFilter(TimeGenerated)                                      //this is a macro used to show the full chart’s time range, choose the datetime column here\n| summarize count() by \u003cgroup by column\u003e, bin(TimeGenerated, $__interval) //change “group by column” to a column in your table, such as “Computer”. The $__interval macro is used to auto-select the time grain. Can also use 1h, 5m etc.\n| order by TimeGenerated asc","resultFormat":"time_series","workspace":"046a50f5-b707-4248-b5b5-ada551a71035"},"azureMonitor":{"aggOptions":["None","Average","Minimum","Maximum","Total","Count"],"aggregation":"Total","alias":"{{resourcegroup}} - {{resourcename}}","dimension":"","dimensionFilter":"*","dimensions":[],"metricDefinition":"Microsoft.Compute/virtualMachines","metricName":"Disk Write Bytes","resourceGroup":"elasticsearch","resourceName":"es-4","timeGrain":"PT1M","timeGrains":[{"text":"auto","value":"auto"},{"text":"1 minute","value":"PT1M"},{"text":"5 minutes","value":"PT5M"},{"text":"15 minutes","value":"PT15M"},{"text":"30 minutes","value":"PT30M"},{"text":"1 hour","value":"PT1H"},{"text":"6 hours","value":"PT6H"},{"text":"12 hours","value":"PT12H"},{"text":"1 day","value":"P1D"}]},"expr":"","format":"time_series","intervalFactor":2,"queryType":"Azure Monitor","refId":"A"},{"appInsights":{"groupBy":"none","metricName":"select","rawQuery":false,"rawQueryString":"","spliton":"","timeGrainType":"auto","xaxis":"timestamp","yaxis":""},"azureLogAnalytics":{"query":"//change this example to create your own time series query\n\u003ctable name\u003e                                                              //the table to query (e.g. Usage, Heartbeat, Perf)\n| where $__timeFilter(TimeGenerated)                                      //this is a macro used to show the full chart’s time range, choose the datetime column here\n| summarize count() by \u003cgroup by column\u003e, bin(TimeGenerated, $__interval) //change “group by column” to a column in your table, such as “Computer”. The $__interval macro is used to auto-select the time grain. Can also use 1h, 5m etc.\n| order by TimeGenerated asc","resultFormat":"time_series","workspace":"046a50f5-b707-4248-b5b5-ada551a71035"},"azureMonitor":{"aggOptions":["None","Average","Minimum","Maximum","Total","Count"],"aggregation":"Total","alias":"{{resourcegroup}} - {{resourcename}}","dimension":"","dimensionFilter":"*","dimensions":[],"metricDefinition":"Microsoft.Compute/virtualMachines","metricName":"Disk Write Bytes","resourceGroup":"elasticsearch","resourceName":"es-5","timeGrain":"PT1M","timeGrains":[{"text":"auto","value":"auto"},{"text":"1 minute","value":"PT1M"},{"text":"5 minutes","value":"PT5M"},{"text":"15 minutes","value":"PT15M"},{"text":"30 minutes","value":"PT30M"},{"text":"1 hour","value":"PT1H"},{"text":"6 hours","value":"PT6H"},{"text":"12 hours","value":"PT12H"},{"text":"1 day","value":"P1D"}]},"expr":"","format":"time_series","intervalFactor":2,"queryType":"Azure Monitor","refId":"A"},{"appInsights":{"groupBy":"none","metricName":"select","rawQuery":false,"rawQueryString":"","spliton":"","timeGrainType":"auto","xaxis":"timestamp","yaxis":""},"azureLogAnalytics":{"query":"//change this example to create your own time series query\n\u003ctable name\u003e                                                              //the table to query (e.g. Usage, Heartbeat, Perf)\n| where $__timeFilter(TimeGenerated)                                      //this is a macro used to show the full chart’s time range, choose the datetime column here\n| summarize count() by \u003cgroup by column\u003e, bin(TimeGenerated, $__interval) //change “group by column” to a column in your table, such as “Computer”. The $__interval macro is used to auto-select the time grain. Can also use 1h, 5m etc.\n| order by TimeGenerated asc","resultFormat":"time_series","workspace":"046a50f5-b707-4248-b5b5-ada551a71035"},"azureMonitor":{"aggOptions":["None","Average","Minimum","Maximum","Total","Count"],"aggregation":"Total","alias":"{{resourcegroup}} - {{resourcename}}","dimension":"","dimensionFilter":"*","dimensions":[],"metricDefinition":"Microsoft.Compute/virtualMachines","metricName":"Disk Write Bytes","resourceGroup":"elasticsearch","resourceName":"jump","timeGrain":"PT1M","timeGrains":[{"text":"auto","value":"auto"},{"text":"1 minute","value":"PT1M"},{"text":"5 minutes","value":"PT5M"},{"text":"15 minutes","value":"PT15M"},{"text":"30 minutes","value":"PT30M"},{"text":"1 hour","value":"PT1H"},{"text":"6 hours","value":"PT6H"},{"text":"12 hours","value":"PT12H"},{"text":"1 day","value":"P1D"}]},"expr":"","format":"time_series","intervalFactor":2,"queryType":"Azure Monitor","refId":"A"},{"appInsights":{"groupBy":"none","metricName":"select","rawQuery":false,"rawQueryString":"","spliton":"","timeGrainType":"auto","xaxis":"timestamp","yaxis":""},"azureLogAnalytics":{"query":"//change this example to create your own time series query\n\u003ctable name\u003e                                                              //the table to query (e.g. Usage, Heartbeat, Perf)\n| where $__timeFilter(TimeGenerated)                                      //this is a macro used to show the full chart’s time range, choose the datetime column here\n| summarize count() by \u003cgroup by column\u003e, bin(TimeGenerated, $__interval) //change “group by column” to a column in your table, such as “Computer”. The $__interval macro is used to auto-select the time grain. Can also use 1h, 5m etc.\n| order by TimeGenerated asc","resultFormat":"time_series","workspace":"046a50f5-b707-4248-b5b5-ada551a71035"},"azureMonitor":{"aggOptions":["None","Average","Minimum","Maximum","Total","Count"],"aggregation":"Total","alias":"{{resourcegroup}} - {{resourcename}}","dimension":"","dimensionFilter":"*","dimensions":[],"metricDefinition":"Microsoft.Compute/virtualMachines","metricName":"Disk Write Bytes","resourceGroup":"Production-SQLServer","resourceName":"QuestSQLProd01","timeGrain":"PT1M","timeGrains":[{"text":"auto","value":"auto"},{"text":"1 minute","value":"PT1M"},{"text":"5 minutes","value":"PT5M"},{"text":"15 minutes","value":"PT15M"},{"text":"30 minutes","value":"PT30M"},{"text":"1 hour","value":"PT1H"},{"text":"6 hours","value":"PT6H"},{"text":"12 hours","value":"PT12H"},{"text":"1 day","value":"P1D"}]},"expr":"","format":"time_series","intervalFactor":2,"queryType":"Azure Monitor","refId":"A"}],"thresholds":[],"timeFrom":null,"timeRegions":[],"timeShift":null,"title":"Disk Write Bytes","tooltip":{"shared":true,"sort":0,"value_type":"individual"},"type":"graph","xaxis":{"buckets":null,"mode":"time","name":null,"rightSide":true,"show":true,"values":[]},"yaxes":[{"format":"decbytes","label":null,"logBase":1,"max":null,"min":null,"rightSide":true,"show":true},{"format":"decbytes","label":null,"logBase":1,"max":null,"min":null,"rightSide":true,"show":true}],"yaxis":{"align":false,"alignLevel":null}},{"aliasColors":{},"bars":false,"dashLength":10,"dashes":false,"datasource":"ProductionMonitor","fill":1,"gridPos":{"h":6,"w":24,"x":0,"y":19},"id":7,"legend":{"alignAsTable":true,"avg":true,"current":false,"max":false,"min":false,"rightSide":true,"show":true,"total":true,"values":true},"lines":true,"linewidth":1,"links":[],"nullPointMode":"null","paceLength":10,"percentage":false,"pointradius":2,"points":false,"renderer":"flot","seriesOverrides":[],"spaceLength":10,"stack":false,"steppedLine":false,"targets":[{"appInsights":{"groupBy":"none","metricName":"select","rawQuery":false,"rawQueryString":"","spliton":"","timeGrainType":"auto","xaxis":"timestamp","yaxis":""},"azureLogAnalytics":{"query":"//change this example to create your own time series query\n\u003ctable name\u003e                                                              //the table to query (e.g. Usage, Heartbeat, Perf)\n| where $__timeFilter(TimeGenerated)                                      //this is a macro used to show the full chart’s time range, choose the datetime column here\n| summarize count() by \u003cgroup by column\u003e, bin(TimeGenerated, $__interval) //change “group by column” to a column in your table, such as “Computer”. The $__interval macro is used to auto-select the time grain. Can also use 1h, 5m etc.\n| order by TimeGenerated asc","resultFormat":"time_series","workspace":"f79b2607-d524-41e9-8812-b708a31e0469"},"azureMonitor":{"aggOptions":["None","Average","Minimum","Maximum","Total","Count"],"aggregation":"Total","alias":"{{resourcegroup}}: {{dimensionname}} - {{dimensionvalue}}","dimension":"Direction","dimensionFilter":"*","dimensions":[{"text":"None","value":"None"},{"text":"Frontend IP Address","value":"FrontendIPAddress"},{"text":"Frontend Port","value":"FrontendPort"},{"text":"Direction","value":"Direction"}],"metricDefinition":"Microsoft.Network/loadBalancers","metricName":"ByteCount","resourceGroup":"elasticsearch","resourceName":"es-lb","timeGrain":"PT1M","timeGrains":[{"text":"auto","value":"auto"},{"text":"1 minute","value":"PT1M"},{"text":"5 minutes","value":"PT5M"},{"text":"15 minutes","value":"PT15M"},{"text":"30 minutes","value":"PT30M"},{"text":"1 hour","value":"PT1H"},{"text":"6 hours","value":"PT6H"},{"text":"12 hours","value":"PT12H"},{"text":"1 day","value":"P1D"}]},"queryType":"Azure Monitor","refId":"A"}],"thresholds":[],"timeFrom":null,"timeRegions":[],"timeShift":null,"title":"Network Byte Count (B/m)","tooltip":{"shared":true,"sort":0,"value_type":"individual"},"type":"graph","xaxis":{"buckets":null,"mode":"time","name":null,"show":true,"values":[]},"yaxes":[{"format":"decbytes","label":null,"logBase":1,"max":null,"min":null,"show":true},{"format":"decbytes","label":null,"logBase":1,"max":null,"min":null,"show":true}],"yaxis":{"align":false,"alignLevel":null}}],"schemaVersion":18,"style":"dark","tags":[],"templating":{"list":[]},"time":{"from":"now-6h","to":"now"},"timepicker":{"refresh_intervals":["5s","10s","30s","1m","5m","15m","30m","1h","2h","1d"],"time_options":["5m","15m","1h","6h","12h","24h","2d","7d","30d"]},"timezone":"","title":"Production - Virtual Machines","uid":"ztrYE2Qmk","version":7}}