{"meta":{"type":"db","canSave":true,"canEdit":true,"canAdmin":true,"canStar":true,"slug":"sit-status-monitor","url":"/d/nz67KUliz/sit-status-monitor","expires":"0001-01-01T00:00:00Z","created":"2019-02-01T22:30:00Z","updated":"2019-04-26T04:30:37Z","updatedBy":"patrick.delosreyes@questanalytics.com","createdBy":"admin","version":4,"hasAcl":false,"isFolder":false,"folderId":34,"folderTitle":"Availability","folderUrl":"/dashboards/f/5wYFcTQmk/availability","provisioned":false,"provisionedExternalId":""},"dashboard":{"annotations":{"list":[{"builtIn":1,"datasource":"-- Grafana --","enable":true,"hide":true,"iconColor":"rgba(0, 211, 255, 1)","name":"Annotations \u0026 Alerts","type":"dashboard"}]},"editable":true,"gnetId":null,"graphTooltip":0,"id":56,"links":[],"panels":[{"aliasColors":{},"bars":false,"dashLength":10,"dashes":false,"datasource":"Monitoring DB","decimals":3,"fill":1,"gridPos":{"h":7,"w":24,"x":0,"y":0},"id":11,"legend":{"alignAsTable":true,"avg":false,"current":true,"max":false,"min":false,"rightSide":true,"show":true,"total":false,"values":true},"lines":true,"linewidth":1,"links":[],"nullPointMode":"null","percentage":false,"pointradius":5,"points":false,"renderer":"flot","seriesOverrides":[],"spaceLength":10,"stack":false,"steppedLine":false,"targets":[{"appInsights":{"groupBy":"none","metricName":"select","rawQuery":false,"rawQueryString":"","spliton":"","timeGrainType":"auto","xaxis":"timestamp","yaxis":""},"azureLogAnalytics":{"query":"//change this example to create your own time series query\n\u003ctable name\u003e                                                              //the table to query (e.g. Usage, Heartbeat, Perf)\n| where $__timeFilter(TimeGenerated)                                      //this is a macro used to show the full chart’s time range, choose the datetime column here\n| summarize count() by \u003cgroup by column\u003e, bin(TimeGenerated, $__interval) //change “group by column” to a column in your table, such as “Computer”. The $__interval macro is used to auto-select the time grain. Can also use 1h, 5m etc.\n| order by TimeGenerated asc","resultFormat":"time_series","workspace":"502a68d4-d9e2-4132-8be8-b73119eb3361"},"azureMonitor":{"dimensionFilter":"*","metricDefinition":"select","metricName":"select","resourceGroup":"select","resourceName":"select","timeGrain":"auto"},"groupBy":[{"params":["$__interval"],"type":"time"},{"params":["none"],"type":"fill"}],"measurement":"https://sit.questanalytics.com/app/v1.0/","orderByTime":"ASC","policy":"default","queryType":"Azure Monitor","refId":"A","resultFormat":"time_series","select":[[{"params":["responseTime"],"type":"field"},{"params":[],"type":"mean"},{"params":["Response Time"],"type":"alias"}]],"tags":[]},{"groupBy":[{"params":["$__interval"],"type":"time"},{"params":["none"],"type":"fill"}],"measurement":"https://questsit-api.azurewebsites.net","orderByTime":"ASC","policy":"default","refId":"B","resultFormat":"time_series","select":[[{"params":["responseTime"],"type":"field"},{"params":[],"type":"mean"},{"params":["Response Time"],"type":"alias"}]],"tags":[]},{"groupBy":[{"params":["$__interval"],"type":"time"},{"params":["none"],"type":"fill"}],"measurement":"https://questsit-custom.azurewebsites.net/app/v2.0/healthz","orderByTime":"ASC","policy":"default","refId":"C","resultFormat":"time_series","select":[[{"params":["responseTime"],"type":"field"},{"params":[],"type":"mean"},{"params":["Response Time"],"type":"alias"}]],"tags":[]},{"groupBy":[{"params":["$__interval"],"type":"time"},{"params":["none"],"type":"fill"}],"measurement":"https://questsit-custom-api.azurewebsites.net/v2.0/healthz","orderByTime":"ASC","policy":"default","refId":"D","resultFormat":"time_series","select":[[{"params":["responseTime"],"type":"field"},{"params":[],"type":"mean"},{"params":["Response Time"],"type":"alias"}]],"tags":[]},{"appInsights":{"groupBy":"none","metricName":"select","rawQuery":false,"rawQueryString":"","spliton":"","timeGrainType":"auto","xaxis":"timestamp","yaxis":""},"azureLogAnalytics":{"query":"//change this example to create your own time series query\n\u003ctable name\u003e                                                              //the table to query (e.g. Usage, Heartbeat, Perf)\n| where $__timeFilter(TimeGenerated)                                      //this is a macro used to show the full chart’s time range, choose the datetime column here\n| summarize count() by \u003cgroup by column\u003e, bin(TimeGenerated, $__interval) //change “group by column” to a column in your table, such as “Computer”. The $__interval macro is used to auto-select the time grain. Can also use 1h, 5m etc.\n| order by TimeGenerated asc","resultFormat":"time_series","workspace":"502a68d4-d9e2-4132-8be8-b73119eb3361"},"azureMonitor":{"dimensionFilter":"*","metricDefinition":"select","metricName":"select","resourceGroup":"select","resourceName":"select","timeGrain":"auto"},"groupBy":[{"params":["$__interval"],"type":"time"},{"params":["none"],"type":"fill"}],"measurement":"https://sit.questanalytics.com","orderByTime":"ASC","policy":"default","queryType":"Azure Monitor","refId":"E","resultFormat":"time_series","select":[[{"params":["responseTime"],"type":"field"},{"params":[],"type":"mean"},{"params":["Response Time"],"type":"alias"}]],"tags":[]}],"thresholds":[],"timeFrom":"3h","timeRegions":[],"timeShift":null,"title":"SIT Response Times","tooltip":{"shared":true,"sort":0,"value_type":"individual"},"transparent":true,"type":"graph","xaxis":{"buckets":null,"mode":"time","name":null,"show":true,"values":[]},"yaxes":[{"format":"short","label":null,"logBase":1,"max":null,"min":null,"show":true},{"format":"short","label":null,"logBase":1,"max":null,"min":null,"show":true}],"yaxis":{"align":false,"alignLevel":null}},{"columns":[],"datasource":"Monitoring DB","fontSize":"100%","gridPos":{"h":18,"w":16,"x":0,"y":7},"id":12,"links":[],"pageSize":50,"scroll":true,"showHeader":true,"sort":{"col":0,"desc":true},"styles":[{"alias":"Time","dateFormat":"YYYY-MM-DD HH:mm:ss","pattern":"Time","preserveFormat":false,"sanitize":false,"type":"date","unit":"short"},{"alias":"","colorMode":null,"colors":["rgba(245, 54, 54, 0.9)","rgba(237, 129, 40, 0.89)","rgba(50, 172, 45, 0.97)"],"dateFormat":"YYYY-MM-DD HH:mm:ss","decimals":2,"link":true,"linkTargetBlank":true,"linkTooltip":"","linkUrl":"\u0026{__cell}","mappingType":1,"pattern":"Url","thresholds":[],"type":"string","unit":"short"},{"alias":"","colorMode":"row","colors":["rgba(50, 172, 45, 0)","rgba(237, 129, 40, 0.89)","rgba(245, 54, 54, 0.9)"],"decimals":0,"pattern":"Response Code","thresholds":["300","500"],"type":"number","unit":"short"},{"alias":"","colorMode":"row","colors":["rgba(50, 172, 45, 0)","rgba(237, 129, 40, 0.89)","rgba(245, 54, 54, 0.9)"],"dateFormat":"YYYY-MM-DD HH:mm:ss","decimals":0,"mappingType":1,"pattern":"Response Time","thresholds":["2000","5000"],"type":"number","unit":"short"}],"targets":[{"appInsights":{"groupBy":"none","metricName":"select","rawQuery":false,"rawQueryString":"","spliton":"","timeGrainType":"auto","xaxis":"timestamp","yaxis":""},"azureLogAnalytics":{"query":"//change this example to create your own time series query\n\u003ctable name\u003e                                                              //the table to query (e.g. Usage, Heartbeat, Perf)\n| where $__timeFilter(TimeGenerated)                                      //this is a macro used to show the full chart’s time range, choose the datetime column here\n| summarize count() by \u003cgroup by column\u003e, bin(TimeGenerated, $__interval) //change “group by column” to a column in your table, such as “Computer”. The $__interval macro is used to auto-select the time grain. Can also use 1h, 5m etc.\n| order by TimeGenerated asc","resultFormat":"time_series","workspace":"502a68d4-d9e2-4132-8be8-b73119eb3361"},"azureMonitor":{"dimensionFilter":"*","metricDefinition":"select","metricName":"select","resourceGroup":"select","resourceName":"select","timeGrain":"auto"},"groupBy":[{"params":["$__interval"],"type":"time"},{"params":["none"],"type":"fill"}],"measurement":"https://sit.questanalytics.com","orderByTime":"ASC","policy":"default","queryType":"Azure Monitor","refId":"A","resultFormat":"table","select":[[{"params":["Url"],"type":"field"},{"params":[],"type":"first"},{"params":["Url"],"type":"alias"}],[{"params":["responseCode"],"type":"field"},{"params":[],"type":"mean"},{"params":["Response Code"],"type":"alias"}],[{"params":["responseTime"],"type":"field"},{"params":[],"type":"mean"},{"params":["Response Time"],"type":"alias"}]],"tags":[]},{"appInsights":{"groupBy":"none","metricName":"select","rawQuery":false,"rawQueryString":"","spliton":"","timeGrainType":"auto","xaxis":"timestamp","yaxis":""},"azureLogAnalytics":{"query":"//change this example to create your own time series query\n\u003ctable name\u003e                                                              //the table to query (e.g. Usage, Heartbeat, Perf)\n| where $__timeFilter(TimeGenerated)                                      //this is a macro used to show the full chart’s time range, choose the datetime column here\n| summarize count() by \u003cgroup by column\u003e, bin(TimeGenerated, $__interval) //change “group by column” to a column in your table, such as “Computer”. The $__interval macro is used to auto-select the time grain. Can also use 1h, 5m etc.\n| order by TimeGenerated asc","resultFormat":"time_series","workspace":"502a68d4-d9e2-4132-8be8-b73119eb3361"},"azureMonitor":{"dimensionFilter":"*","metricDefinition":"select","metricName":"select","resourceGroup":"select","resourceName":"select","timeGrain":"auto"},"groupBy":[{"params":["$__interval"],"type":"time"},{"params":["none"],"type":"fill"}],"measurement":"https://questsit-api.azurewebsites.net","orderByTime":"ASC","policy":"default","queryType":"Azure Monitor","refId":"B","resultFormat":"table","select":[[{"params":["Url"],"type":"field"},{"params":[],"type":"first"},{"params":["Url"],"type":"alias"}],[{"params":["responseCode"],"type":"field"},{"params":[],"type":"mean"},{"params":["Response Code"],"type":"alias"}],[{"params":["responseTime"],"type":"field"},{"params":[],"type":"mean"},{"params":["Response Time"],"type":"alias"}]],"tags":[]},{"appInsights":{"groupBy":"none","metricName":"select","rawQuery":false,"rawQueryString":"","spliton":"","timeGrainType":"auto","xaxis":"timestamp","yaxis":""},"azureLogAnalytics":{"query":"//change this example to create your own time series query\n\u003ctable name\u003e                                                              //the table to query (e.g. Usage, Heartbeat, Perf)\n| where $__timeFilter(TimeGenerated)                                      //this is a macro used to show the full chart’s time range, choose the datetime column here\n| summarize count() by \u003cgroup by column\u003e, bin(TimeGenerated, $__interval) //change “group by column” to a column in your table, such as “Computer”. The $__interval macro is used to auto-select the time grain. Can also use 1h, 5m etc.\n| order by TimeGenerated asc","resultFormat":"time_series","workspace":"502a68d4-d9e2-4132-8be8-b73119eb3361"},"azureMonitor":{"dimensionFilter":"*","metricDefinition":"select","metricName":"select","resourceGroup":"select","resourceName":"select","timeGrain":"auto"},"groupBy":[{"params":["$__interval"],"type":"time"},{"params":["none"],"type":"fill"}],"measurement":"https://questsit-custom.azurewebsites.net/app/v2.0/healthz","orderByTime":"ASC","policy":"default","queryType":"Azure Monitor","refId":"C","resultFormat":"table","select":[[{"params":["Url"],"type":"field"},{"params":[],"type":"first"},{"params":["Url"],"type":"alias"}],[{"params":["responseCode"],"type":"field"},{"params":[],"type":"mean"},{"params":["Response Code"],"type":"alias"}],[{"params":["responseTime"],"type":"field"},{"params":[],"type":"mean"},{"params":["Response Time"],"type":"alias"}]],"tags":[]},{"appInsights":{"groupBy":"none","metricName":"select","rawQuery":false,"rawQueryString":"","spliton":"","timeGrainType":"auto","xaxis":"timestamp","yaxis":""},"azureLogAnalytics":{"query":"//change this example to create your own time series query\n\u003ctable name\u003e                                                              //the table to query (e.g. Usage, Heartbeat, Perf)\n| where $__timeFilter(TimeGenerated)                                      //this is a macro used to show the full chart’s time range, choose the datetime column here\n| summarize count() by \u003cgroup by column\u003e, bin(TimeGenerated, $__interval) //change “group by column” to a column in your table, such as “Computer”. The $__interval macro is used to auto-select the time grain. Can also use 1h, 5m etc.\n| order by TimeGenerated asc","resultFormat":"time_series","workspace":"502a68d4-d9e2-4132-8be8-b73119eb3361"},"azureMonitor":{"dimensionFilter":"*","metricDefinition":"select","metricName":"select","resourceGroup":"select","resourceName":"select","timeGrain":"auto"},"groupBy":[{"params":["$__interval"],"type":"time"},{"params":["none"],"type":"fill"}],"measurement":"https://questsit-custom-api.azurewebsites.net/v2.0/healthz","orderByTime":"ASC","policy":"default","queryType":"Azure Monitor","refId":"D","resultFormat":"table","select":[[{"params":["Url"],"type":"field"},{"params":[],"type":"first"},{"params":["Url"],"type":"alias"}],[{"params":["responseCode"],"type":"field"},{"params":[],"type":"mean"},{"params":["Response Code"],"type":"alias"}],[{"params":["responseTime"],"type":"field"},{"params":[],"type":"mean"},{"params":["Response Time"],"type":"alias"}]],"tags":[]},{"appInsights":{"groupBy":"none","metricName":"select","rawQuery":false,"rawQueryString":"","spliton":"","timeGrainType":"auto","xaxis":"timestamp","yaxis":""},"azureLogAnalytics":{"query":"//change this example to create your own time series query\n\u003ctable name\u003e                                                              //the table to query (e.g. Usage, Heartbeat, Perf)\n| where $__timeFilter(TimeGenerated)                                      //this is a macro used to show the full chart’s time range, choose the datetime column here\n| summarize count() by \u003cgroup by column\u003e, bin(TimeGenerated, $__interval) //change “group by column” to a column in your table, such as “Computer”. The $__interval macro is used to auto-select the time grain. Can also use 1h, 5m etc.\n| order by TimeGenerated asc","resultFormat":"time_series","workspace":"502a68d4-d9e2-4132-8be8-b73119eb3361"},"azureMonitor":{"dimensionFilter":"*","metricDefinition":"select","metricName":"select","resourceGroup":"select","resourceName":"select","timeGrain":"auto"},"groupBy":[{"params":["$__interval"],"type":"time"},{"params":["none"],"type":"fill"}],"measurement":"https://sit.questanalytics.com/app/v1.0/","orderByTime":"ASC","policy":"default","queryType":"Azure Monitor","refId":"E","resultFormat":"table","select":[[{"params":["Url"],"type":"field"},{"params":[],"type":"first"},{"params":["Url"],"type":"alias"}],[{"params":["responseCode"],"type":"field"},{"params":[],"type":"mean"},{"params":["Response Code"],"type":"alias"}],[{"params":["responseTime"],"type":"field"},{"params":[],"type":"mean"},{"params":["Response Time"],"type":"alias"}]],"tags":[]}],"title":"SIT","transform":"table","transparent":true,"type":"table"}],"refresh":"1m","schemaVersion":18,"style":"dark","tags":[],"templating":{"list":[]},"time":{"from":"now-3h","to":"now"},"timepicker":{"refresh_intervals":["5s","10s","30s","1m","5m","15m","30m","1h","2h","1d"],"time_options":["5m","15m","1h","6h","12h","24h","2d","7d","30d"]},"timezone":"","title":"SIT Status Monitor","uid":"nz67KUliz","version":4}}