{"meta":{"type":"db","canSave":true,"canEdit":true,"canAdmin":true,"canStar":true,"slug":"status-monitor","url":"/d/sxHlph_iz/status-monitor","expires":"0001-01-01T00:00:00Z","created":"2019-01-29T02:03:38Z","updated":"2019-06-14T20:47:21Z","updatedBy":"patrick.delosreyes@azureadminquestanalytics.onmicrosoft.com","createdBy":"admin","version":54,"hasAcl":false,"isFolder":false,"folderId":34,"folderTitle":"Availability","folderUrl":"/dashboards/f/5wYFcTQmk/availability","provisioned":false,"provisionedExternalId":""},"dashboard":{"annotations":{"list":[{"builtIn":1,"datasource":"-- Grafana --","enable":true,"hide":true,"iconColor":"rgba(0, 211, 255, 1)","name":"Annotations \u0026 Alerts","type":"dashboard"}]},"editable":true,"gnetId":null,"graphTooltip":0,"id":54,"iteration":1560545158412,"links":[],"panels":[{"collapsed":true,"gridPos":{"h":1,"w":24,"x":0,"y":0},"id":24,"panels":[{"dashboardFilter":"","dashboardTags":[],"folderId":null,"gridPos":{"h":4,"w":6,"x":0,"y":1},"id":18,"limit":"20","links":[],"nameFilter":"","onlyAlertsOnDashboard":true,"show":"current","sortOrder":1,"stateFilter":[],"title":"Alerts","transparent":true,"type":"alertlist"}],"title":"Alerts","type":"row"},{"collapsed":false,"gridPos":{"h":1,"w":24,"x":0,"y":1},"id":10,"panels":[],"title":"Production","type":"row"},{"alert":{"conditions":[{"evaluator":{"params":[8000],"type":"gt"},"operator":{"type":"and"},"query":{"params":["A","2m","now"]},"reducer":{"params":[],"type":"avg"},"type":"query"},{"evaluator":{"params":[8000],"type":"gt"},"operator":{"type":"or"},"query":{"params":["B","2m","now"]},"reducer":{"params":[],"type":"avg"},"type":"query"},{"evaluator":{"params":[8000],"type":"gt"},"operator":{"type":"or"},"query":{"params":["C","2m","now"]},"reducer":{"params":[],"type":"avg"},"type":"query"},{"evaluator":{"params":[8000],"type":"gt"},"operator":{"type":"or"},"query":{"params":["D","2m","now"]},"reducer":{"params":[],"type":"avg"},"type":"query"},{"evaluator":{"params":[8000],"type":"gt"},"operator":{"type":"or"},"query":{"params":["E","2m","now"]},"reducer":{"params":[],"type":"avg"},"type":"query"},{"evaluator":{"params":[8000],"type":"gt"},"operator":{"type":"or"},"query":{"params":["F","2m","now"]},"reducer":{"params":[],"type":"avg"},"type":"query"},{"evaluator":{"params":[8000],"type":"gt"},"operator":{"type":"and"},"query":{"params":["G","2m","now"]},"reducer":{"params":[],"type":"avg"},"type":"query"}],"executionErrorState":"keep_state","for":"7m","frequency":"1m","handler":1,"message":"Production site is not responding!","name":"Omnius Response Times","noDataState":"keep_state","notifications":[{"id":2},{"uid":"d5EQmsRZz"}]},"aliasColors":{},"bars":false,"dashLength":10,"dashes":false,"datasource":"Monitoring DB","decimals":null,"fill":1,"gridPos":{"h":7,"w":24,"x":0,"y":2},"id":20,"legend":{"alignAsTable":true,"avg":false,"current":true,"max":false,"min":false,"rightSide":true,"show":true,"sideWidth":null,"total":false,"values":true},"lines":true,"linewidth":1,"links":[],"nullPointMode":"null","paceLength":10,"percentage":false,"pointradius":5,"points":false,"renderer":"flot","seriesOverrides":[],"spaceLength":10,"stack":false,"steppedLine":false,"targets":[{"alias":"QuestAnalytics.com","appInsights":{"groupBy":"none","metricName":"select","rawQuery":false,"rawQueryString":"","spliton":"","timeGrainType":"auto","xaxis":"timestamp","yaxis":""},"azureLogAnalytics":{"query":"//change this example to create your own time series query\n\u003ctable name\u003e                                                              //the table to query (e.g. Usage, Heartbeat, Perf)\n| where $__timeFilter(TimeGenerated)                                      //this is a macro used to show the full chart’s time range, choose the datetime column here\n| summarize count() by \u003cgroup by column\u003e, bin(TimeGenerated, $__interval) //change “group by column” to a column in your table, such as “Computer”. The $__interval macro is used to auto-select the time grain. Can also use 1h, 5m etc.\n| order by TimeGenerated asc","resultFormat":"time_series","workspace":"502a68d4-d9e2-4132-8be8-b73119eb3361"},"azureMonitor":{"dimensionFilter":"*","metricDefinition":"select","metricName":"select","resourceGroup":"select","resourceName":"select","timeGrain":"auto"},"groupBy":[{"params":["$__interval"],"type":"time"},{"params":["none"],"type":"fill"}],"measurement":"https://questanalytics.com/","orderByTime":"ASC","policy":"default","queryType":"Azure Monitor","refId":"A","resultFormat":"time_series","select":[[{"params":["responseTime"],"type":"field"},{"params":[],"type":"mean"},{"params":["Response Time"],"type":"alias"}]],"tags":[]},{"alias":"api.questanalytics.com","groupBy":[{"params":["$__interval"],"type":"time"},{"params":["none"],"type":"fill"}],"measurement":"https://api.questanalytics.com","orderByTime":"ASC","policy":"default","refId":"B","resultFormat":"time_series","select":[[{"params":["responseTime"],"type":"field"},{"params":[],"type":"mean"},{"params":["Response Time"],"type":"alias"}]],"tags":[]},{"alias":"omnius-custom.azurewebsites.net/app/v2.0/healthz","groupBy":[{"params":["$__interval"],"type":"time"},{"params":["none"],"type":"fill"}],"measurement":"https://omnius-custom.azurewebsites.net/app/v2.0/healthz","orderByTime":"ASC","policy":"default","refId":"C","resultFormat":"time_series","select":[[{"params":["responseTime"],"type":"field"},{"params":[],"type":"mean"},{"params":["Response Time"],"type":"alias"}]],"tags":[]},{"alias":"omnius-custom-api.azurewebsites.net/v2.0/healthz","groupBy":[{"params":["$__interval"],"type":"time"},{"params":["none"],"type":"fill"}],"measurement":"https://api.questanalytics.com/v2.0/healthz","orderByTime":"ASC","policy":"default","refId":"D","resultFormat":"time_series","select":[[{"params":["responseTime"],"type":"field"},{"params":[],"type":"mean"},{"params":["Response Time"],"type":"alias"}]],"tags":[]},{"alias":"omniusquest01.blob.core.windows.net","groupBy":[{"params":["$__interval"],"type":"time"},{"params":["none"],"type":"fill"}],"measurement":"https://omniusquest01.blob.core.windows.net","orderByTime":"ASC","policy":"default","refId":"E","resultFormat":"time_series","select":[[{"params":["responseTime"],"type":"field"},{"params":[],"type":"mean"},{"params":["Response Time"],"type":"alias"}]],"tags":[]},{"alias":"omnius-kv.vault.azure.net","groupBy":[{"params":["$__interval"],"type":"time"},{"params":["none"],"type":"fill"}],"measurement":"https://omnius-kv.vault.azure.net","orderByTime":"ASC","policy":"default","refId":"F","resultFormat":"time_series","select":[[{"params":["responseTime"],"type":"field"},{"params":[],"type":"mean"},{"params":["Response Time"],"type":"alias"}]],"tags":[]},{"alias":"QuestAnalytics.com/app/v1.0/","appInsights":{"groupBy":"none","metricName":"select","rawQuery":false,"rawQueryString":"","spliton":"","timeGrainType":"auto","xaxis":"timestamp","yaxis":""},"azureLogAnalytics":{"query":"//change this example to create your own time series query\n\u003ctable name\u003e                                                              //the table to query (e.g. Usage, Heartbeat, Perf)\n| where $__timeFilter(TimeGenerated)                                      //this is a macro used to show the full chart’s time range, choose the datetime column here\n| summarize count() by \u003cgroup by column\u003e, bin(TimeGenerated, $__interval) //change “group by column” to a column in your table, such as “Computer”. The $__interval macro is used to auto-select the time grain. Can also use 1h, 5m etc.\n| order by TimeGenerated asc","resultFormat":"time_series","workspace":"502a68d4-d9e2-4132-8be8-b73119eb3361"},"azureMonitor":{"dimensionFilter":"*","metricDefinition":"select","metricName":"select","resourceGroup":"select","resourceName":"select","timeGrain":"auto"},"groupBy":[{"params":["$__interval"],"type":"time"},{"params":["none"],"type":"fill"}],"measurement":"https://questanalytics.com/app/v1.0/","orderByTime":"ASC","policy":"default","queryType":"Azure Monitor","refId":"G","resultFormat":"time_series","select":[[{"params":["responseTime"],"type":"field"},{"params":[],"type":"mean"},{"params":["Response Time"],"type":"alias"}]],"tags":[]}],"thresholds":[{"colorMode":"critical","fill":true,"line":true,"op":"gt","value":8000}],"timeFrom":null,"timeRegions":[],"timeShift":null,"title":"Omnius Response Times","tooltip":{"shared":true,"sort":0,"value_type":"individual"},"transparent":true,"type":"graph","xaxis":{"buckets":null,"mode":"time","name":null,"show":true,"values":[]},"yaxes":[{"format":"ms","label":null,"logBase":1,"max":null,"min":null,"show":true},{"format":"ms","label":null,"logBase":1,"max":null,"min":null,"show":true}],"yaxis":{"align":false,"alignLevel":null}},{"alert":{"conditions":[{"evaluator":{"params":[8000],"type":"gt"},"operator":{"type":"and"},"query":{"params":["A","2m","now"]},"reducer":{"params":[],"type":"avg"},"type":"query"},{"evaluator":{"params":[8000],"type":"gt"},"operator":{"type":"or"},"query":{"params":["B","2m","now"]},"reducer":{"params":[],"type":"avg"},"type":"query"},{"evaluator":{"params":[8000],"type":"gt"},"operator":{"type":"or"},"query":{"params":["C","2m","now"]},"reducer":{"params":[],"type":"avg"},"type":"query"},{"evaluator":{"params":[8000],"type":"gt"},"operator":{"type":"or"},"query":{"params":["D","2m","now"]},"reducer":{"params":[],"type":"avg"},"type":"query"},{"evaluator":{"params":[8000],"type":"gt"},"operator":{"type":"or"},"query":{"params":["E","2m","now"]},"reducer":{"params":[],"type":"avg"},"type":"query"},{"evaluator":{"params":[8000],"type":"gt"},"operator":{"type":"or"},"query":{"params":["F","2m","now"]},"reducer":{"params":[],"type":"avg"},"type":"query"}],"executionErrorState":"keep_state","for":"7m","frequency":"1m","handler":1,"message":"Either Seq Logging or Directories Production site is not responding!\nDetails Below (?)","name":"Directories Response Times","noDataState":"keep_state","notifications":[{"id":2},{"uid":"d5EQmsRZz"}]},"aliasColors":{},"bars":false,"dashLength":10,"dashes":false,"datasource":"Monitoring DB","decimals":null,"fill":1,"gridPos":{"h":7,"w":24,"x":0,"y":9},"id":4,"legend":{"alignAsTable":true,"avg":false,"current":true,"max":false,"min":false,"rightSide":true,"show":true,"total":false,"values":true},"lines":true,"linewidth":1,"links":[],"nullPointMode":"null","paceLength":10,"percentage":false,"pointradius":5,"points":false,"renderer":"flot","seriesOverrides":[],"spaceLength":10,"stack":false,"steppedLine":false,"targets":[{"alias":"dentalnetwork.ameritas.com","appInsights":{"groupBy":"none","metricName":"select","rawQuery":false,"rawQueryString":"","spliton":"","timeGrainType":"auto","xaxis":"timestamp","yaxis":""},"azureLogAnalytics":{"query":"//change this example to create your own time series query\n\u003ctable name\u003e                                                              //the table to query (e.g. Usage, Heartbeat, Perf)\n| where $__timeFilter(TimeGenerated)                                      //this is a macro used to show the full chart’s time range, choose the datetime column here\n| summarize count() by \u003cgroup by column\u003e, bin(TimeGenerated, $__interval) //change “group by column” to a column in your table, such as “Computer”. The $__interval macro is used to auto-select the time grain. Can also use 1h, 5m etc.\n| order by TimeGenerated asc","resultFormat":"time_series","workspace":"502a68d4-d9e2-4132-8be8-b73119eb3361"},"azureMonitor":{"dimensionFilter":"*","metricDefinition":"select","metricName":"select","resourceGroup":"select","resourceName":"select","timeGrain":"auto"},"groupBy":[{"params":["$__interval"],"type":"time"},{"params":["none"],"type":"fill"}],"measurement":"https://dentalnetwork.ameritas.com/keepalive.html","orderByTime":"ASC","policy":"default","queryType":"Azure Monitor","refId":"A","resultFormat":"time_series","select":[[{"params":["responseTime"],"type":"field"},{"params":[],"type":"mean"},{"params":["Response Time"],"type":"alias"}]],"tags":[]},{"alias":"dentalnetwork.ameritas.com/dceoutofnetwork","groupBy":[{"params":["$__interval"],"type":"time"},{"params":["none"],"type":"fill"}],"measurement":"https://dentalnetwork.ameritas.com/dceoutofnetwork","orderByTime":"ASC","policy":"default","query":"SELECT mean(\"responseTime\") AS \"Response Time\" FROM \"https://dentalnetwork.ameritas.com/dceoutofnetwork\" WHERE $timeFilter GROUP BY time($__interval) fill(none)","rawQuery":false,"refId":"B","resultFormat":"time_series","select":[[{"params":["responseTime"],"type":"field"},{"params":[],"type":"mean"},{"params":["Response Time"],"type":"alias"}]],"tags":[]},{"alias":"ampingclus1m.ameritas.com/idp/startSSO.ping?PartnerSpId=Quest","groupBy":[{"params":["$__interval"],"type":"time"},{"params":["none"],"type":"fill"}],"measurement":"https://ampingclus1m.ameritas.com/idp/startSSO.ping?PartnerSpId=Quest","orderByTime":"ASC","policy":"default","refId":"C","resultFormat":"time_series","select":[[{"params":["responseTime"],"type":"field"},{"params":[],"type":"mean"},{"params":["Response Time"],"type":"alias"}]],"tags":[]},{"alias":"QuestLogging01.cloudapp.net:2357","groupBy":[{"params":["$__interval"],"type":"time"},{"params":["none"],"type":"fill"}],"measurement":"http://QuestLogging01.cloudapp.net:2357","orderByTime":"ASC","policy":"default","refId":"D","resultFormat":"time_series","select":[[{"params":["responseTime"],"type":"field"},{"params":[],"type":"mean"},{"params":["Response Time"],"type":"alias"}]],"tags":[]},{"alias":"ameritas.com/wps/portal/s000/Home/public/dce","groupBy":[{"params":["$__interval"],"type":"time"},{"params":["none"],"type":"fill"}],"measurement":"https://www.ameritas.com/wps/portal/s000/Home/public/dce","orderByTime":"ASC","policy":"default","refId":"E","resultFormat":"time_series","select":[[{"params":["responseTime"],"type":"field"},{"params":[],"type":"mean"},{"params":["Response Time"],"type":"alias"}]],"tags":[]},{"alias":"spigateway.ameritas.com/claims/","groupBy":[{"params":["$__interval"],"type":"time"},{"params":["none"],"type":"fill"}],"measurement":"https://apigateway.ameritas.com/claims/","orderByTime":"ASC","policy":"default","refId":"F","resultFormat":"time_series","select":[[{"params":["responseTime"],"type":"field"},{"params":[],"type":"mean"},{"params":["Response Time"],"type":"alias"}]],"tags":[]}],"thresholds":[{"colorMode":"critical","fill":true,"line":true,"op":"gt","value":8000}],"timeFrom":null,"timeRegions":[],"timeShift":null,"title":"Directories Response Times","tooltip":{"shared":true,"sort":0,"value_type":"individual"},"transparent":true,"type":"graph","xaxis":{"buckets":null,"mode":"time","name":null,"show":true,"values":[]},"yaxes":[{"format":"ms","label":null,"logBase":1,"max":null,"min":null,"show":true},{"format":"ms","label":null,"logBase":1,"max":null,"min":null,"show":true}],"yaxis":{"align":false,"alignLevel":null}},{"columns":[],"datasource":"Monitoring DB","fontSize":"100%","gridPos":{"h":13,"w":12,"x":0,"y":16},"id":2,"links":[],"pageSize":50,"scroll":true,"showHeader":true,"sort":{"col":0,"desc":true},"styles":[{"alias":"Time","dateFormat":"YYYY-MM-DD HH:mm:ss","pattern":"Time","preserveFormat":false,"sanitize":false,"type":"date","unit":"short"},{"alias":"","colorMode":null,"colors":["rgba(245, 54, 54, 0.9)","rgba(237, 129, 40, 0.89)","rgba(50, 172, 45, 0.97)"],"dateFormat":"YYYY-MM-DD HH:mm:ss","decimals":2,"link":true,"linkTargetBlank":true,"linkTooltip":"","linkUrl":"\u0026{__cell}","mappingType":1,"pattern":"Url","thresholds":[],"type":"string","unit":"short"},{"alias":"","colorMode":"row","colors":["rgba(50, 172, 45, 0)","rgba(237, 129, 40, 0.89)","rgba(245, 54, 54, 0.9)"],"decimals":0,"pattern":"Response Code","thresholds":["300","500"],"type":"number","unit":"short"},{"alias":"","colorMode":"row","colors":["rgba(50, 172, 45, 0)","rgba(237, 129, 40, 0.89)","rgba(245, 54, 54, 0.9)"],"dateFormat":"YYYY-MM-DD HH:mm:ss","decimals":0,"mappingType":1,"pattern":"Response Time","thresholds":["1500","4000"],"type":"number","unit":"ms"}],"targets":[{"appInsights":{"groupBy":"none","metricName":"select","rawQuery":false,"rawQueryString":"","spliton":"","timeGrainType":"auto","xaxis":"timestamp","yaxis":""},"azureLogAnalytics":{"query":"//change this example to create your own time series query\n\u003ctable name\u003e                                                              //the table to query (e.g. Usage, Heartbeat, Perf)\n| where $__timeFilter(TimeGenerated)                                      //this is a macro used to show the full chart’s time range, choose the datetime column here\n| summarize count() by \u003cgroup by column\u003e, bin(TimeGenerated, $__interval) //change “group by column” to a column in your table, such as “Computer”. The $__interval macro is used to auto-select the time grain. Can also use 1h, 5m etc.\n| order by TimeGenerated asc","resultFormat":"time_series","workspace":"502a68d4-d9e2-4132-8be8-b73119eb3361"},"azureMonitor":{"dimensionFilter":"*","metricDefinition":"select","metricName":"select","resourceGroup":"select","resourceName":"select","timeGrain":"auto"},"groupBy":[{"params":["$__interval"],"type":"time"},{"params":["none"],"type":"fill"}],"measurement":"https://questanalytics.com/","orderByTime":"ASC","policy":"default","queryType":"Azure Monitor","refId":"A","resultFormat":"table","select":[[{"params":["Url"],"type":"field"},{"params":[],"type":"first"},{"params":["Url"],"type":"alias"}],[{"params":["responseCode"],"type":"field"},{"params":[],"type":"mean"},{"params":["Response Code"],"type":"alias"}],[{"params":["responseTime"],"type":"field"},{"params":[],"type":"mean"},{"params":["Response Time"],"type":"alias"}]],"tags":[]},{"appInsights":{"groupBy":"none","metricName":"select","rawQuery":false,"rawQueryString":"","spliton":"","timeGrainType":"auto","xaxis":"timestamp","yaxis":""},"azureLogAnalytics":{"query":"//change this example to create your own time series query\n\u003ctable name\u003e                                                              //the table to query (e.g. Usage, Heartbeat, Perf)\n| where $__timeFilter(TimeGenerated)                                      //this is a macro used to show the full chart’s time range, choose the datetime column here\n| summarize count() by \u003cgroup by column\u003e, bin(TimeGenerated, $__interval) //change “group by column” to a column in your table, such as “Computer”. The $__interval macro is used to auto-select the time grain. Can also use 1h, 5m etc.\n| order by TimeGenerated asc","resultFormat":"time_series","workspace":"502a68d4-d9e2-4132-8be8-b73119eb3361"},"azureMonitor":{"dimensionFilter":"*","metricDefinition":"select","metricName":"select","resourceGroup":"select","resourceName":"select","timeGrain":"auto"},"groupBy":[{"params":["$__interval"],"type":"time"},{"params":["none"],"type":"fill"}],"measurement":"https://api.questanalytics.com","orderByTime":"ASC","policy":"default","queryType":"Azure Monitor","refId":"B","resultFormat":"table","select":[[{"params":["Url"],"type":"field"},{"params":[],"type":"first"},{"params":["Url"],"type":"alias"}],[{"params":["responseCode"],"type":"field"},{"params":[],"type":"mean"},{"params":["Response Code"],"type":"alias"}],[{"params":["responseTime"],"type":"field"},{"params":[],"type":"mean"},{"params":["Response Time"],"type":"alias"}]],"tags":[]},{"appInsights":{"groupBy":"none","metricName":"select","rawQuery":false,"rawQueryString":"","spliton":"","timeGrainType":"auto","xaxis":"timestamp","yaxis":""},"azureLogAnalytics":{"query":"//change this example to create your own time series query\n\u003ctable name\u003e                                                              //the table to query (e.g. Usage, Heartbeat, Perf)\n| where $__timeFilter(TimeGenerated)                                      //this is a macro used to show the full chart’s time range, choose the datetime column here\n| summarize count() by \u003cgroup by column\u003e, bin(TimeGenerated, $__interval) //change “group by column” to a column in your table, such as “Computer”. The $__interval macro is used to auto-select the time grain. Can also use 1h, 5m etc.\n| order by TimeGenerated asc","resultFormat":"time_series","workspace":"502a68d4-d9e2-4132-8be8-b73119eb3361"},"azureMonitor":{"dimensionFilter":"*","metricDefinition":"select","metricName":"select","resourceGroup":"select","resourceName":"select","timeGrain":"auto"},"groupBy":[{"params":["$__interval"],"type":"time"},{"params":["none"],"type":"fill"}],"measurement":"https://omnius-custom.azurewebsites.net","orderByTime":"ASC","policy":"default","queryType":"Azure Monitor","refId":"C","resultFormat":"table","select":[[{"params":["Url"],"type":"field"},{"params":[],"type":"first"},{"params":["Url"],"type":"alias"}],[{"params":["responseCode"],"type":"field"},{"params":[],"type":"mean"},{"params":["Response Code"],"type":"alias"}],[{"params":["responseTime"],"type":"field"},{"params":[],"type":"mean"},{"params":["Response Time"],"type":"alias"}]],"tags":[]},{"appInsights":{"groupBy":"none","metricName":"select","rawQuery":false,"rawQueryString":"","spliton":"","timeGrainType":"auto","xaxis":"timestamp","yaxis":""},"azureLogAnalytics":{"query":"//change this example to create your own time series query\n\u003ctable name\u003e                                                              //the table to query (e.g. Usage, Heartbeat, Perf)\n| where $__timeFilter(TimeGenerated)                                      //this is a macro used to show the full chart’s time range, choose the datetime column here\n| summarize count() by \u003cgroup by column\u003e, bin(TimeGenerated, $__interval) //change “group by column” to a column in your table, such as “Computer”. The $__interval macro is used to auto-select the time grain. Can also use 1h, 5m etc.\n| order by TimeGenerated asc","resultFormat":"time_series","workspace":"502a68d4-d9e2-4132-8be8-b73119eb3361"},"azureMonitor":{"dimensionFilter":"*","metricDefinition":"select","metricName":"select","resourceGroup":"select","resourceName":"select","timeGrain":"auto"},"groupBy":[{"params":["$__interval"],"type":"time"},{"params":["none"],"type":"fill"}],"measurement":"https://omnius-custom-api.azurewebsites.net/swagger/index.html","orderByTime":"ASC","policy":"default","queryType":"Azure Monitor","refId":"D","resultFormat":"table","select":[[{"params":["Url"],"type":"field"},{"params":[],"type":"first"},{"params":["Url"],"type":"alias"}],[{"params":["responseCode"],"type":"field"},{"params":[],"type":"mean"},{"params":["Response Code"],"type":"alias"}],[{"params":["responseTime"],"type":"field"},{"params":[],"type":"mean"},{"params":["Response Time"],"type":"alias"}]],"tags":[]},{"appInsights":{"groupBy":"none","metricName":"select","rawQuery":false,"rawQueryString":"","spliton":"","timeGrainType":"auto","xaxis":"timestamp","yaxis":""},"azureLogAnalytics":{"query":"//change this example to create your own time series query\n\u003ctable name\u003e                                                              //the table to query (e.g. Usage, Heartbeat, Perf)\n| where $__timeFilter(TimeGenerated)                                      //this is a macro used to show the full chart’s time range, choose the datetime column here\n| summarize count() by \u003cgroup by column\u003e, bin(TimeGenerated, $__interval) //change “group by column” to a column in your table, such as “Computer”. The $__interval macro is used to auto-select the time grain. Can also use 1h, 5m etc.\n| order by TimeGenerated asc","resultFormat":"time_series","workspace":"502a68d4-d9e2-4132-8be8-b73119eb3361"},"azureMonitor":{"dimensionFilter":"*","metricDefinition":"select","metricName":"select","resourceGroup":"select","resourceName":"select","timeGrain":"auto"},"groupBy":[{"params":["$__interval"],"type":"time"},{"params":["none"],"type":"fill"}],"measurement":"https://omniusquest01.blob.core.windows.net","orderByTime":"ASC","policy":"default","queryType":"Azure Monitor","refId":"E","resultFormat":"table","select":[[{"params":["Url"],"type":"field"},{"params":[],"type":"first"},{"params":["Url"],"type":"alias"}],[{"params":["responseCode"],"type":"field"},{"params":[],"type":"mean"},{"params":["Response Code"],"type":"alias"}],[{"params":["responseTime"],"type":"field"},{"params":[],"type":"mean"},{"params":["Response Time"],"type":"alias"}]],"tags":[]},{"appInsights":{"groupBy":"none","metricName":"select","rawQuery":false,"rawQueryString":"","spliton":"","timeGrainType":"auto","xaxis":"timestamp","yaxis":""},"azureLogAnalytics":{"query":"//change this example to create your own time series query\n\u003ctable name\u003e                                                              //the table to query (e.g. Usage, Heartbeat, Perf)\n| where $__timeFilter(TimeGenerated)                                      //this is a macro used to show the full chart’s time range, choose the datetime column here\n| summarize count() by \u003cgroup by column\u003e, bin(TimeGenerated, $__interval) //change “group by column” to a column in your table, such as “Computer”. The $__interval macro is used to auto-select the time grain. Can also use 1h, 5m etc.\n| order by TimeGenerated asc","resultFormat":"time_series","workspace":"502a68d4-d9e2-4132-8be8-b73119eb3361"},"azureMonitor":{"dimensionFilter":"*","metricDefinition":"select","metricName":"select","resourceGroup":"select","resourceName":"select","timeGrain":"auto"},"groupBy":[{"params":["$__interval"],"type":"time"},{"params":["none"],"type":"fill"}],"measurement":"https://omnius-kv.vault.azure.net","orderByTime":"ASC","policy":"default","queryType":"Azure Monitor","refId":"F","resultFormat":"table","select":[[{"params":["Url"],"type":"field"},{"params":[],"type":"first"},{"params":["Url"],"type":"alias"}],[{"params":["responseCode"],"type":"field"},{"params":[],"type":"mean"},{"params":["Response Code"],"type":"alias"}],[{"params":["responseTime"],"type":"field"},{"params":[],"type":"mean"},{"params":["Response Time"],"type":"alias"}]],"tags":[]}],"title":"QuestAnalytics.com - Omnius","transform":"table","transparent":true,"type":"table"},{"columns":[],"datasource":"Monitoring DB","fontSize":"100%","gridPos":{"h":13,"w":12,"x":12,"y":16},"id":22,"links":[],"pageSize":50,"scroll":true,"showHeader":true,"sort":{"col":0,"desc":true},"styles":[{"alias":"Time","dateFormat":"YYYY-MM-DD HH:mm:ss","pattern":"Time","preserveFormat":false,"sanitize":false,"type":"date","unit":"short"},{"alias":"","colorMode":null,"colors":["rgba(245, 54, 54, 0.9)","rgba(237, 129, 40, 0.89)","rgba(50, 172, 45, 0.97)"],"dateFormat":"YYYY-MM-DD HH:mm:ss","decimals":2,"link":true,"linkTargetBlank":true,"linkTooltip":"","linkUrl":"\u0026{__cell}","mappingType":1,"pattern":"Url","thresholds":[],"type":"string","unit":"short"},{"alias":"","colorMode":"row","colors":["rgba(50, 172, 45, 0)","rgba(237, 129, 40, 0.89)","rgba(245, 54, 54, 0.9)"],"decimals":0,"pattern":"Response Code","thresholds":["300","500"],"type":"number","unit":"short"},{"alias":"","colorMode":"row","colors":["rgba(50, 172, 45, 0)","rgba(237, 129, 40, 0.89)","rgba(245, 54, 54, 0.9)"],"dateFormat":"YYYY-MM-DD HH:mm:ss","decimals":0,"mappingType":1,"pattern":"Response Time","thresholds":["1500","4000"],"type":"number","unit":"ms"}],"targets":[{"appInsights":{"groupBy":"none","metricName":"select","rawQuery":false,"rawQueryString":"","spliton":"","timeGrainType":"auto","xaxis":"timestamp","yaxis":""},"azureLogAnalytics":{"query":"//change this example to create your own time series query\n\u003ctable name\u003e                                                              //the table to query (e.g. Usage, Heartbeat, Perf)\n| where $__timeFilter(TimeGenerated)                                      //this is a macro used to show the full chart’s time range, choose the datetime column here\n| summarize count() by \u003cgroup by column\u003e, bin(TimeGenerated, $__interval) //change “group by column” to a column in your table, such as “Computer”. The $__interval macro is used to auto-select the time grain. Can also use 1h, 5m etc.\n| order by TimeGenerated asc","resultFormat":"time_series","workspace":"502a68d4-d9e2-4132-8be8-b73119eb3361"},"azureMonitor":{"dimensionFilter":"*","metricDefinition":"select","metricName":"select","resourceGroup":"select","resourceName":"select","timeGrain":"auto"},"groupBy":[{"params":["$__interval"],"type":"time"},{"params":["none"],"type":"fill"}],"measurement":"https://dentalnetwork.ameritas.com","orderByTime":"ASC","policy":"default","queryType":"Azure Monitor","refId":"A","resultFormat":"table","select":[[{"params":["Url"],"type":"field"},{"params":[],"type":"first"},{"params":["Url"],"type":"alias"}],[{"params":["responseCode"],"type":"field"},{"params":[],"type":"mean"},{"params":["Response Code"],"type":"alias"}],[{"params":["responseTime"],"type":"field"},{"params":[],"type":"mean"},{"params":["Response Time"],"type":"alias"}]],"tags":[]},{"appInsights":{"groupBy":"none","metricName":"select","rawQuery":false,"rawQueryString":"","spliton":"","timeGrainType":"auto","xaxis":"timestamp","yaxis":""},"azureLogAnalytics":{"query":"//change this example to create your own time series query\n\u003ctable name\u003e                                                              //the table to query (e.g. Usage, Heartbeat, Perf)\n| where $__timeFilter(TimeGenerated)                                      //this is a macro used to show the full chart’s time range, choose the datetime column here\n| summarize count() by \u003cgroup by column\u003e, bin(TimeGenerated, $__interval) //change “group by column” to a column in your table, such as “Computer”. The $__interval macro is used to auto-select the time grain. Can also use 1h, 5m etc.\n| order by TimeGenerated asc","resultFormat":"time_series","workspace":"502a68d4-d9e2-4132-8be8-b73119eb3361"},"azureMonitor":{"dimensionFilter":"*","metricDefinition":"select","metricName":"select","resourceGroup":"select","resourceName":"select","timeGrain":"auto"},"groupBy":[{"params":["$__interval"],"type":"time"},{"params":["none"],"type":"fill"}],"measurement":"https://dentalnetwork.ameritas.com/dceoutofnetwork","orderByTime":"ASC","policy":"default","queryType":"Azure Monitor","refId":"B","resultFormat":"table","select":[[{"params":["Url"],"type":"field"},{"params":[],"type":"first"},{"params":["Url"],"type":"alias"}],[{"params":["responseCode"],"type":"field"},{"params":[],"type":"mean"},{"params":["Response Code"],"type":"alias"}],[{"params":["responseTime"],"type":"field"},{"params":[],"type":"mean"},{"params":["Response Time"],"type":"alias"}]],"tags":[]},{"appInsights":{"groupBy":"none","metricName":"select","rawQuery":false,"rawQueryString":"","spliton":"","timeGrainType":"auto","xaxis":"timestamp","yaxis":""},"azureLogAnalytics":{"query":"//change this example to create your own time series query\n\u003ctable name\u003e                                                              //the table to query (e.g. Usage, Heartbeat, Perf)\n| where $__timeFilter(TimeGenerated)                                      //this is a macro used to show the full chart’s time range, choose the datetime column here\n| summarize count() by \u003cgroup by column\u003e, bin(TimeGenerated, $__interval) //change “group by column” to a column in your table, such as “Computer”. The $__interval macro is used to auto-select the time grain. Can also use 1h, 5m etc.\n| order by TimeGenerated asc","resultFormat":"time_series","workspace":"502a68d4-d9e2-4132-8be8-b73119eb3361"},"azureMonitor":{"dimensionFilter":"*","metricDefinition":"select","metricName":"select","resourceGroup":"select","resourceName":"select","timeGrain":"auto"},"groupBy":[{"params":["$__interval"],"type":"time"},{"params":["none"],"type":"fill"}],"measurement":"https://ampingclus1m.ameritas.com/idp/startSSO.ping?PartnerSpId=Quest","orderByTime":"ASC","policy":"default","queryType":"Azure Monitor","refId":"C","resultFormat":"table","select":[[{"params":["Url"],"type":"field"},{"params":[],"type":"first"},{"params":["Url"],"type":"alias"}],[{"params":["responseCode"],"type":"field"},{"params":[],"type":"mean"},{"params":["Response Code"],"type":"alias"}],[{"params":["responseTime"],"type":"field"},{"params":[],"type":"mean"},{"params":["Response Time"],"type":"alias"}]],"tags":[]},{"appInsights":{"groupBy":"none","metricName":"select","rawQuery":false,"rawQueryString":"","spliton":"","timeGrainType":"auto","xaxis":"timestamp","yaxis":""},"azureLogAnalytics":{"query":"//change this example to create your own time series query\n\u003ctable name\u003e                                                              //the table to query (e.g. Usage, Heartbeat, Perf)\n| where $__timeFilter(TimeGenerated)                                      //this is a macro used to show the full chart’s time range, choose the datetime column here\n| summarize count() by \u003cgroup by column\u003e, bin(TimeGenerated, $__interval) //change “group by column” to a column in your table, such as “Computer”. The $__interval macro is used to auto-select the time grain. Can also use 1h, 5m etc.\n| order by TimeGenerated asc","resultFormat":"time_series","workspace":"502a68d4-d9e2-4132-8be8-b73119eb3361"},"azureMonitor":{"dimensionFilter":"*","metricDefinition":"select","metricName":"select","resourceGroup":"select","resourceName":"select","timeGrain":"auto"},"groupBy":[{"params":["$__interval"],"type":"time"},{"params":["none"],"type":"fill"}],"measurement":"http://QuestLogging01.cloudapp.net:2357","orderByTime":"ASC","policy":"default","queryType":"Azure Monitor","refId":"D","resultFormat":"table","select":[[{"params":["Url"],"type":"field"},{"params":[],"type":"first"},{"params":["Url"],"type":"alias"}],[{"params":["responseCode"],"type":"field"},{"params":[],"type":"mean"},{"params":["Response Code"],"type":"alias"}],[{"params":["responseTime"],"type":"field"},{"params":[],"type":"mean"},{"params":["Response Time"],"type":"alias"}]],"tags":[]},{"appInsights":{"groupBy":"none","metricName":"select","rawQuery":false,"rawQueryString":"","spliton":"","timeGrainType":"auto","xaxis":"timestamp","yaxis":""},"azureLogAnalytics":{"query":"//change this example to create your own time series query\n\u003ctable name\u003e                                                              //the table to query (e.g. Usage, Heartbeat, Perf)\n| where $__timeFilter(TimeGenerated)                                      //this is a macro used to show the full chart’s time range, choose the datetime column here\n| summarize count() by \u003cgroup by column\u003e, bin(TimeGenerated, $__interval) //change “group by column” to a column in your table, such as “Computer”. The $__interval macro is used to auto-select the time grain. Can also use 1h, 5m etc.\n| order by TimeGenerated asc","resultFormat":"time_series","workspace":"502a68d4-d9e2-4132-8be8-b73119eb3361"},"azureMonitor":{"dimensionFilter":"*","metricDefinition":"select","metricName":"select","resourceGroup":"select","resourceName":"select","timeGrain":"auto"},"groupBy":[{"params":["$__interval"],"type":"time"},{"params":["none"],"type":"fill"}],"measurement":"https://www.ameritas.com/wps/portal/s000/Home/public/dce","orderByTime":"ASC","policy":"default","queryType":"Azure Monitor","refId":"E","resultFormat":"table","select":[[{"params":["Url"],"type":"field"},{"params":[],"type":"first"},{"params":["Url"],"type":"alias"}],[{"params":["responseCode"],"type":"field"},{"params":[],"type":"mean"},{"params":["Response Code"],"type":"alias"}],[{"params":["responseTime"],"type":"field"},{"params":[],"type":"mean"},{"params":["Response Time"],"type":"alias"}]],"tags":[]},{"appInsights":{"groupBy":"none","metricName":"select","rawQuery":false,"rawQueryString":"","spliton":"","timeGrainType":"auto","xaxis":"timestamp","yaxis":""},"azureLogAnalytics":{"query":"//change this example to create your own time series query\n\u003ctable name\u003e                                                              //the table to query (e.g. Usage, Heartbeat, Perf)\n| where $__timeFilter(TimeGenerated)                                      //this is a macro used to show the full chart’s time range, choose the datetime column here\n| summarize count() by \u003cgroup by column\u003e, bin(TimeGenerated, $__interval) //change “group by column” to a column in your table, such as “Computer”. The $__interval macro is used to auto-select the time grain. Can also use 1h, 5m etc.\n| order by TimeGenerated asc","resultFormat":"time_series","workspace":"502a68d4-d9e2-4132-8be8-b73119eb3361"},"azureMonitor":{"dimensionFilter":"*","metricDefinition":"select","metricName":"select","resourceGroup":"select","resourceName":"select","timeGrain":"auto"},"groupBy":[{"params":["$__interval"],"type":"time"},{"params":["none"],"type":"fill"}],"measurement":"https://apigateway.ameritas.com/claims/","orderByTime":"ASC","policy":"default","queryType":"Azure Monitor","refId":"F","resultFormat":"table","select":[[{"params":["Url"],"type":"field"},{"params":[],"type":"first"},{"params":["Url"],"type":"alias"}],[{"params":["responseCode"],"type":"field"},{"params":[],"type":"mean"},{"params":["Response Code"],"type":"alias"}],[{"params":["responseTime"],"type":"field"},{"params":[],"type":"mean"},{"params":["Response Time"],"type":"alias"}]],"tags":[]}],"title":"QuestAnalytics.com - Directories","transform":"table","transparent":true,"type":"table"}],"refresh":"1m","schemaVersion":18,"style":"dark","tags":["ping","availability","response"],"templating":{"list":[{"allValue":null,"current":{"text":"Production","value":"Production"},"hide":2,"includeAll":true,"label":"Production","multi":true,"name":"Environment","options":[{"selected":false,"text":"All","value":"$__all"},{"selected":true,"text":"Production","value":"Production"},{"selected":false,"text":"SIT","value":"SIT"},{"selected":false,"text":"UHC","value":"UHC"},{"selected":false,"text":"DEV","value":"DEV"}],"query":"Production,SIT,UHC,DEV","skipUrlSync":false,"type":"custom"}]},"time":{"from":"now-6h","to":"now"},"timepicker":{"refresh_intervals":["5s","10s","30s","1m","5m","15m","30m","1h","2h","1d"],"time_options":["5m","15m","1h","6h","12h","24h","2d","7d","30d"]},"timezone":"","title":"Status Monitor","uid":"sxHlph_iz","version":54}}