{"meta":{"type":"db","canSave":true,"canEdit":true,"canAdmin":true,"canStar":true,"slug":"worldping-alerts","url":"/d/xhJuk2lmz/worldping-alerts","expires":"0001-01-01T00:00:00Z","created":"2019-01-28T22:34:37Z","updated":"2019-01-29T19:54:26Z","updatedBy":"admin","createdBy":"admin","version":2,"hasAcl":false,"isFolder":false,"folderId":34,"folderTitle":"Availability","folderUrl":"/dashboards/f/5wYFcTQmk/availability","provisioned":false,"provisionedExternalId":""},"dashboard":{"annotations":{"list":[{"builtIn":1,"datasource":"-- Grafana --","enable":true,"hide":true,"iconColor":"rgba(0, 211, 255, 1)","name":"Annotations \u0026 Alerts","type":"dashboard"}]},"description":"Configuring Grafana Alerts with worldPing as a data source.","editable":true,"gnetId":1962,"graphTooltip":0,"id":52,"links":[],"panels":[{"collapsed":false,"gridPos":{"h":1,"w":24,"x":0,"y":0},"id":20,"panels":[],"repeat":null,"title":"Alerting on General Endpoint Health","type":"row"},{"aliasColors":{},"bars":false,"dashLength":10,"dashes":false,"datasource":"raintank","description":"Alert notification based on endpoint health measured in the previous 5 minutes","fill":1,"gridPos":{"h":8,"w":18,"x":0,"y":1},"height":"300px","id":2,"legend":{"alignAsTable":true,"avg":false,"current":true,"hideEmpty":false,"hideZero":false,"max":false,"min":false,"rightSide":false,"show":true,"total":false,"values":true},"lines":true,"linewidth":1,"links":[{"type":"dashboard"}],"nullPointMode":"null as zero","percentage":false,"pointradius":5,"points":false,"renderer":"flot","seriesOverrides":[],"spaceLength":10,"stack":false,"steppedLine":false,"targets":[{"hide":false,"refId":"A","target":"groupByNode(health.*.*.error_state, 1, 'sum')"}],"thresholds":[],"timeFrom":null,"timeRegions":[],"timeShift":null,"title":"Endpoint Health (All Endpoints)","tooltip":{"shared":true,"sort":0,"value_type":"individual"},"type":"graph","xaxis":{"buckets":null,"mode":"time","name":null,"show":true,"values":[]},"yaxes":[{"format":"short","label":null,"logBase":1,"max":null,"min":"0","show":true},{"format":"short","label":null,"logBase":1,"max":null,"min":null,"show":true}],"yaxis":{"align":false,"alignLevel":null}},{"content":"\u003cp\u003eAlert notification is based on the \u003cb\u003ehealth of the endpoint\u003c/b\u003e measured in the previous \u003cb\u003e5 minutes\u003c/b\u003e.\u003c/p\u003e\n\n\u003cp\u003eIn worldPing, an outage is defined on a per-check basis, within each endpoint's configuration. You can edit health definition within the configuration tab of the endpoint.\u003c/p\u003e\n\n\u003cp\u003eAn example outage configuration may be \"If 3 or more probes report connection errors for 3 or more consecutive checks, health will be marked as down\".\u003c/p\u003e\n","description":"","gridPos":{"h":8,"w":6,"x":18,"y":1},"height":"300px","id":8,"links":[],"mode":"html","title":"","transparent":true,"type":"text"},{"collapsed":false,"gridPos":{"h":1,"w":24,"x":0,"y":9},"id":21,"panels":[],"repeat":null,"title":"Alerting on Protocol Specific Performance Metrics","type":"row"},{"aliasColors":{},"bars":false,"dashLength":10,"dashes":false,"datasource":"raintank","description":"Example alert notification which evaluates the total time of DNS resolution every 60 seconds and alerts if any endpoint is over 200ms","fill":1,"gridPos":{"h":11,"w":6,"x":0,"y":10},"hideTimeOverride":false,"id":6,"legend":{"alignAsTable":true,"avg":false,"current":true,"hideEmpty":false,"hideZero":false,"max":false,"min":false,"rightSide":false,"show":true,"total":false,"values":true},"lines":true,"linewidth":1,"links":[],"nullPointMode":"null","percentage":false,"pointradius":5,"points":false,"renderer":"flot","seriesOverrides":[],"spaceLength":10,"stack":false,"steppedLine":false,"targets":[{"hide":false,"refId":"A","target":"groupByNode(worldping.*.*.dns.time, 1, 'avg')","textEditor":false}],"thresholds":[],"timeFrom":null,"timeRegions":[],"timeShift":null,"title":"DNS Latency (All Endpoints)","tooltip":{"shared":false,"sort":0,"value_type":"individual"},"transparent":false,"type":"graph","xaxis":{"buckets":null,"mode":"time","name":null,"show":true,"values":["total"]},"yaxes":[{"format":"ms","label":"","logBase":1,"max":null,"min":null,"show":true},{"format":"ms","label":null,"logBase":1,"max":null,"min":null,"show":false}],"yaxis":{"align":false,"alignLevel":null}},{"aliasColors":{},"bars":false,"dashLength":10,"dashes":false,"datasource":"raintank","description":"Example alert notification which evaluates the total ping response time every 5 minutes and alerts if any endpoint is over 50ms.","fill":1,"gridPos":{"h":11,"w":6,"x":6,"y":10},"hideTimeOverride":false,"id":7,"legend":{"alignAsTable":true,"avg":false,"current":true,"hideEmpty":false,"hideZero":false,"max":false,"min":false,"rightSide":false,"show":true,"total":false,"values":true},"lines":true,"linewidth":1,"links":[],"nullPointMode":"null","percentage":false,"pointradius":5,"points":false,"renderer":"flot","seriesOverrides":[],"spaceLength":10,"stack":false,"steppedLine":false,"targets":[{"hide":false,"refId":"A","target":"groupByNode(worldping.*.*.ping.max, 1, 'avg')","textEditor":false}],"thresholds":[],"timeFrom":null,"timeRegions":[],"timeShift":null,"title":"Ping Latency (All Endpoints)","tooltip":{"shared":false,"sort":0,"value_type":"individual"},"transparent":false,"type":"graph","xaxis":{"buckets":null,"mode":"time","name":null,"show":true,"values":["total"]},"yaxes":[{"format":"ms","label":"","logBase":1,"max":null,"min":null,"show":true},{"format":"ms","label":null,"logBase":1,"max":null,"min":null,"show":false}],"yaxis":{"align":false,"alignLevel":null}},{"aliasColors":{},"bars":false,"dashLength":10,"dashes":false,"datasource":"raintank","description":"Example alert notification which evaluates the total time of HTTP resolution every 5 minutes and alerts if any endpoint is over 1s","fill":1,"gridPos":{"h":11,"w":6,"x":12,"y":10},"hideTimeOverride":false,"id":4,"legend":{"alignAsTable":true,"avg":false,"current":true,"hideEmpty":false,"hideZero":false,"max":false,"min":false,"rightSide":false,"show":true,"total":false,"values":true},"lines":true,"linewidth":1,"links":[],"nullPointMode":"null","percentage":false,"pointradius":5,"points":false,"renderer":"flot","seriesOverrides":[],"spaceLength":10,"stack":false,"steppedLine":false,"targets":[{"hide":false,"refId":"A","target":"groupByNode(worldping.*.*.http.total, 1, 'avg')","textEditor":false}],"thresholds":[],"timeFrom":null,"timeRegions":[],"timeShift":null,"title":"HTTP Latency (All Endpoints)","tooltip":{"shared":false,"sort":0,"value_type":"individual"},"transparent":false,"type":"graph","xaxis":{"buckets":null,"mode":"time","name":null,"show":true,"values":["total"]},"yaxes":[{"format":"ms","label":"","logBase":1,"max":null,"min":null,"show":true},{"format":"ms","label":null,"logBase":1,"max":null,"min":null,"show":false}],"yaxis":{"align":false,"alignLevel":null}},{"aliasColors":{},"bars":false,"dashLength":10,"dashes":false,"datasource":"raintank","description":"Example alert notification which evaluates the total time of HTTPS resolution every 5 min and alerts if any endpoint is over 1.5s.","fill":1,"gridPos":{"h":11,"w":6,"x":18,"y":10},"hideTimeOverride":false,"id":5,"legend":{"alignAsTable":true,"avg":false,"current":true,"hideEmpty":false,"hideZero":false,"max":false,"min":false,"rightSide":false,"show":true,"total":false,"values":true},"lines":true,"linewidth":1,"links":[],"nullPointMode":"null","percentage":false,"pointradius":5,"points":false,"renderer":"flot","seriesOverrides":[],"spaceLength":10,"stack":false,"steppedLine":false,"targets":[{"hide":false,"refId":"A","target":"groupByNode(worldping.*.*.https.total, 1, 'avg')","textEditor":false}],"thresholds":[],"timeFrom":null,"timeRegions":[],"timeShift":null,"title":"HTTPS Latency (All Endpoints)","tooltip":{"shared":false,"sort":0,"value_type":"individual"},"type":"graph","xaxis":{"buckets":null,"mode":"time","name":null,"show":true,"values":["total"]},"yaxes":[{"format":"ms","label":"","logBase":1,"max":null,"min":null,"show":true},{"format":"ms","label":null,"logBase":1,"max":null,"min":null,"show":false}],"yaxis":{"align":false,"alignLevel":null}},{"collapsed":false,"gridPos":{"h":1,"w":24,"x":0,"y":21},"id":22,"panels":[],"repeat":null,"title":"Dashboard Row","type":"row"},{"content":"\u003cp style=\"margin:20px 10% 0 10%; text-align: center;\"\u003e\nThis alert evaluates average \u003cb\u003eDNS\u003c/b\u003e resolution time from enabled Probes, every \u003cb\u003e60\u003c/b\u003e seconds, and fires if any Endpoint goes above \u003cb\u003e200ms\u003c/b\u003e.\n\u003c/p\u003e","gridPos":{"h":3,"w":6,"x":0,"y":22},"height":"100px","id":10,"links":[],"mode":"html","title":"","transparent":true,"type":"text"},{"content":"\u003cp style=\"margin:20px 10% 0 10%; text-align: center;\"\u003e\nThis alert evaluates average \u003cb\u003ePing\u003c/b\u003e response time from enabled Probes, every \u003cb\u003e60\u003c/b\u003e seconds, and fires if the Endpoint goes above \u003cb\u003e50ms\u003c/b\u003e.\n\u003c/p\u003e","gridPos":{"h":3,"w":6,"x":6,"y":22},"height":"100px","id":11,"links":[],"mode":"html","title":"","transparent":true,"type":"text"},{"content":"\u003cp style=\"margin:20px 10% 0 10%; text-align: center;\"\u003e\nThis alert evaluates average \u003cb\u003eHTTP\u003c/b\u003e resolution time from enabled Probes, every \u003cb\u003e5\u003c/b\u003e minutes, and fires if any Endpoint goes above \u003cb\u003e1s\u003c/b\u003e.\n\u003c/p\u003e","gridPos":{"h":3,"w":6,"x":12,"y":22},"height":"100px","id":12,"links":[],"mode":"html","title":"","transparent":true,"type":"text"},{"content":"\u003cp style=\"margin:20px 10% 0 10%; text-align: center;\"\u003e\nThis alert evaluates average \u003cb\u003eHTTPS\u003c/b\u003e resolution time from enabled Probes, every \u003cb\u003e5\u003c/b\u003e minutes, and fires if any Endpoint goes above \u003cb\u003e1.5s\u003c/b\u003e.\n\u003c/p\u003e","gridPos":{"h":3,"w":6,"x":18,"y":22},"height":"100px","id":13,"links":[],"mode":"html","title":"","transparent":true,"type":"text"}],"refresh":false,"schemaVersion":16,"style":"dark","tags":["worldPing"],"templating":{"list":[]},"time":{"from":"now-3h","to":"now"},"timepicker":{"refresh_intervals":["5s","10s","30s","1m","5m","15m","30m","1h","2h","1d"],"time_options":["5m","15m","1h","6h","12h","24h","2d","7d","30d"]},"timezone":"browser","title":"worldPing Alerts","uid":"xhJuk2lmz","version":2}}