{"meta":{"type":"db","canSave":true,"canEdit":true,"canAdmin":true,"canStar":true,"slug":"world-ping","url":"/d/RpU8coQmk/world-ping","expires":"0001-01-01T00:00:00Z","created":"2019-01-17T00:48:53Z","updated":"2019-01-17T00:48:53Z","updatedBy":"admin","createdBy":"admin","version":1,"hasAcl":false,"isFolder":false,"folderId":34,"folderTitle":"Availability","folderUrl":"/dashboards/f/5wYFcTQmk/availability","provisioned":false,"provisionedExternalId":""},"dashboard":{"annotations":{"list":[{"builtIn":1,"datasource":"-- Grafana --","enable":true,"hide":true,"iconColor":"rgba(0, 211, 255, 1)","name":"Annotations \u0026 Alerts","type":"dashboard"}]},"editable":true,"gnetId":null,"graphTooltip":0,"hideControls":false,"id":37,"links":[],"panels":[{"gridPos":{"h":9,"w":12,"x":0,"y":0},"id":2,"links":[],"title":"Quest Ping Tests","type":"worldping-endpoint-list"}],"schemaVersion":16,"style":"dark","tags":[],"templating":{"list":[]},"time":{"from":"now-6h","to":"now"},"timepicker":{"refresh_intervals":["5s","10s","30s","1m","5m","15m","30m","1h","2h","1d"],"time_options":["5m","15m","1h","6h","12h","24h","2d","7d","30d"]},"timezone":"","title":"World Ping","uid":"RpU8coQmk","version":1}}