{"meta":{"type":"db","canSave":true,"canEdit":true,"canAdmin":true,"canStar":true,"slug":"prod-directories","url":"/d/aeJ7lICmz/prod-directories","expires":"0001-01-01T00:00:00Z","created":"2019-03-04T19:11:55Z","updated":"2019-07-10T18:41:24Z","updatedBy":"patrick.delosreyes@questanalytics.com","createdBy":"admin","version":17,"hasAcl":false,"isFolder":false,"folderId":31,"folderTitle":"Directories","folderUrl":"/dashboards/f/jThhuhQmk/directories","provisioned":false,"provisionedExternalId":""},"dashboard":{"annotations":{"list":[{"builtIn":1,"datasource":"-- Grafana --","enable":true,"hide":true,"iconColor":"rgba(0, 211, 255, 1)","name":"Annotations \u0026 Alerts","type":"dashboard"}]},"description":"prod-prvsrc-sfc-04","editable":true,"gnetId":null,"graphTooltip":0,"id":62,"iteration":1562783939703,"links":[],"panels":[{"collapsed":false,"gridPos":{"h":1,"w":24,"x":0,"y":0},"id":9,"panels":[],"title":"Directories","type":"row"},{"alert":{"conditions":[{"evaluator":{"params":[85],"type":"gt"},"operator":{"type":"and"},"query":{"params":["A","10m","now-1m"]},"reducer":{"params":[],"type":"avg"},"type":"query"}],"executionErrorState":"keep_state","for":"15m","frequency":"1m","handler":1,"message":"CPU usage percentage has risen above 85% for the past 5 minutes.","name":"Production Directories - VMSS CPU","noDataState":"no_data","notifications":[{"uid":"d5EQmsRZz"}]},"aliasColors":{},"bars":false,"dashLength":10,"dashes":false,"datasource":"DirectoriesProd","fill":1,"gridPos":{"h":5,"w":24,"x":0,"y":1},"id":17,"legend":{"alignAsTable":true,"avg":false,"current":true,"max":false,"min":false,"rightSide":true,"show":true,"total":false,"values":true},"lines":true,"linewidth":1,"links":[],"nullPointMode":"null","paceLength":10,"percentage":false,"pointradius":5,"points":false,"renderer":"flot","seriesOverrides":[],"spaceLength":10,"stack":false,"steppedLine":false,"targets":[{"appInsights":{"groupBy":"none","metricName":"select","rawQuery":false,"rawQueryString":"","spliton":"","timeGrainType":"auto","xaxis":"timestamp","yaxis":""},"azureLogAnalytics":{"query":"Perf  \n| where CounterName == \"% Processor Time\" and ObjectName == \"Processor\" and InstanceName == \"_Total\"\n| summarize AggregatedValue = avg(CounterValue) by bin(TimeGenerated, 1m), Computer\n| order by TimeGenerated asc","resultFormat":"time_series","workspace":"23618a10-20e2-4998-80a3-495abf24b1a5"},"azureMonitor":{"aggOptions":["None","Average","Minimum","Maximum","Total","Count"],"aggregation":"Average","alias":"{{dimensionvalue}}","dimension":"VMName","dimensionFilter":"*","dimensions":[{"text":"None","value":"None"},{"text":"VMName","value":"VMName"}],"metricDefinition":"Microsoft.Compute/virtualMachineScaleSets","metricName":"Percentage CPU","resourceGroup":"prod-prvsrc-rg","resourceName":"prdprsr07","timeGrain":"auto","timeGrains":[{"text":"auto","value":"auto"},{"text":"1 minute","value":"PT1M"},{"text":"5 minutes","value":"PT5M"},{"text":"15 minutes","value":"PT15M"},{"text":"30 minutes","value":"PT30M"},{"text":"1 hour","value":"PT1H"},{"text":"6 hours","value":"PT6H"},{"text":"12 hours","value":"PT12H"},{"text":"1 day","value":"P1D"}]},"queryType":"Azure Monitor","refId":"A"}],"thresholds":[{"colorMode":"critical","fill":true,"line":true,"op":"gt","value":85}],"timeFrom":null,"timeRegions":[],"timeShift":null,"title":"VMSS CPU - prdprsr07","tooltip":{"shared":true,"sort":0,"value_type":"individual"},"type":"graph","xaxis":{"buckets":null,"mode":"time","name":null,"show":true,"values":[]},"yaxes":[{"format":"short","label":null,"logBase":1,"max":null,"min":null,"show":true},{"format":"short","label":null,"logBase":1,"max":null,"min":null,"show":true}],"yaxis":{"align":false,"alignLevel":null}},{"cacheTimeout":null,"colorBackground":false,"colorValue":true,"colors":["#299c46","rgba(237, 129, 40, 0.89)","#d44a3a"],"datasource":"DirectoriesProd","format":"none","gauge":{"maxValue":5,"minValue":0,"show":true,"thresholdLabels":false,"thresholdMarkers":true},"gridPos":{"h":5,"w":3,"x":0,"y":6},"id":3,"interval":null,"links":[],"mappingType":1,"mappingTypes":[{"name":"value to text","value":1},{"name":"range to text","value":2}],"maxDataPoints":100,"nullPointMode":"connected","nullText":null,"postfix":"","postfixFontSize":"50%","prefix":"","prefixFontSize":"50%","rangeMaps":[{"from":"null","text":"N/A","to":"null"}],"sparkline":{"fillColor":"rgba(31, 118, 189, 0.18)","full":false,"lineColor":"rgb(31, 120, 193)","show":false},"tableColumn":"","targets":[{"appInsights":{"aggOptions":["avg","min","max","sum","count","unique"],"aggregation":"unique","groupBy":"none","groupByOptions":["operation/name","operation/synthetic","operation/syntheticSource","user/authenticated","application/version","client/type","client/model","client/os","client/city","client/stateOrProvince","client/countryOrRegion","client/browser","cloud/roleName","cloud/roleInstance","customDimensions/ServiceFabric.NodeName","customDimensions/AspNetCoreEnvironment","customDimensions/ServiceFabric.ApplicationName","customDimensions/ServiceFabric.ApplicationTypeName","customDimensions/processSessionId","customDimensions/azInst_vmScaleSetName","customDimensions/baseSdkTargetFramework","customDimensions/ServiceFabric.ServiceTypeName","customDimensions/runtimeFramework","customDimensions/azInst_sku","customDimensions/azInst_location","customDimensions/ServiceFabric.PartitionId","customDimensions/ServiceFabric.ServiceName","customDimensions/osType","customDimensions/ServiceFabric.InstanceId","customDimensions/azInst_platformUpdateDomain","customDimensions/azInst_platformFaultDomain","customDimensions/azInst_resourceGroupName","customDimensions/azInst_placementGroupId","customDimensions/azInst_subscriptionId","customDimensions/azInst_osType","customDimensions/azInst_publisher","customDimensions/azInst_version","customDimensions/azInst_vmSize","customDimensions/azInst_offer","customDimensions/azInst_vmId","customDimensions/azInst_name","customDimensions/azInst_tags"],"metricName":"customMetrics/HeartbeatState","rawQuery":false,"rawQueryString":"","spliton":"","timeGrainType":"auto","xaxis":"timestamp","yaxis":""},"azureLogAnalytics":{"query":"//change this example to create your own time series query\n\u003ctable name\u003e                                                              //the table to query (e.g. Usage, Heartbeat, Perf)\n| where $__timeFilter(TimeGenerated)                                      //this is a macro used to show the full chart’s time range, choose the datetime column here\n| summarize count() by \u003cgroup by column\u003e, bin(TimeGenerated, $__interval) //change “group by column” to a column in your table, such as “Computer”. The $__interval macro is used to auto-select the time grain. Can also use 1h, 5m etc.\n| order by TimeGenerated asc","resultFormat":"time_series","workspace":"502a68d4-d9e2-4132-8be8-b73119eb3361"},"azureMonitor":{"dimensionFilter":"*","metricDefinition":"select","metricName":"select","resourceGroup":"select","resourceName":"select","timeGrain":"auto"},"queryType":"Application Insights","refId":"A"}],"thresholds":"1,1","title":"Heartbeat State (0 = good)","type":"singlestat","valueFontSize":"80%","valueMaps":[{"op":"=","text":"N/A","value":"null"}],"valueName":"diff"},{"aliasColors":{},"bars":false,"dashLength":10,"dashes":false,"datasource":"DirectoriesProd","fill":1,"gridPos":{"h":5,"w":21,"x":3,"y":6},"id":13,"legend":{"alignAsTable":true,"avg":false,"current":true,"max":false,"min":false,"rightSide":true,"show":true,"total":false,"values":true},"lines":true,"linewidth":1,"links":[],"nullPointMode":"null","paceLength":10,"percentage":false,"pointradius":5,"points":false,"renderer":"flot","seriesOverrides":[],"spaceLength":10,"stack":false,"steppedLine":false,"targets":[{"appInsights":{"aggOptions":["avg","min","max","count"],"aggregation":"avg","alias":"Memory Available (Bytes)","groupBy":"none","groupByOptions":["performanceCounter/name","performanceCounter/category","performanceCounter/counter","performanceCounter/instance","operation/name","operation/synthetic","operation/syntheticSource","user/authenticated","application/version","client/type","client/model","client/os","client/city","client/stateOrProvince","client/countryOrRegion","client/browser","cloud/roleName","cloud/roleInstance","customDimensions/ServiceFabric.ApplicationName","customDimensions/ServiceFabric.ApplicationTypeName","customDimensions/ServiceFabric.NodeName","customDimensions/AspNetCoreEnvironment","customDimensions/ServiceFabric.InstanceId","customDimensions/ServiceFabric.ServiceName","customDimensions/ServiceFabric.ServiceTypeName","customDimensions/ServiceFabric.PartitionId"],"metricName":"performanceCounters/memoryAvailableBytes","rawQuery":false,"rawQueryString":"","spliton":"","timeGrainType":"auto","xaxis":"timestamp","yaxis":""},"azureLogAnalytics":{"query":"Perf  \n| where CounterName == \"% Processor Time\" and ObjectName == \"Processor\" and InstanceName == \"_Total\"\n| summarize AggregatedValue = avg(CounterValue) by bin(TimeGenerated, 1m), Computer\n| order by TimeGenerated asc","resultFormat":"time_series","workspace":"23618a10-20e2-4998-80a3-495abf24b1a5"},"azureMonitor":{"aggOptions":["None","Average","Minimum","Maximum","Total","Count"],"aggregation":"Average","alias":"{{dimensionvalue}}","dimension":"VMName","dimensionFilter":"*","dimensions":[{"text":"None","value":"None"},{"text":"VMName","value":"VMName"}],"metricDefinition":"Microsoft.Compute/virtualMachineScaleSets","metricName":"Percentage CPU","resourceGroup":"prod-prvsrc-rg","resourceName":"prdprsr07","timeGrain":"auto","timeGrains":[{"text":"auto","value":"auto"},{"text":"1 minute","value":"PT1M"},{"text":"5 minutes","value":"PT5M"},{"text":"15 minutes","value":"PT15M"},{"text":"30 minutes","value":"PT30M"},{"text":"1 hour","value":"PT1H"},{"text":"6 hours","value":"PT6H"},{"text":"12 hours","value":"PT12H"},{"text":"1 day","value":"P1D"}]},"queryType":"Application Insights","refId":"A"}],"thresholds":[],"timeFrom":null,"timeRegions":[],"timeShift":null,"title":"VMSS Memory Available","tooltip":{"shared":true,"sort":0,"value_type":"individual"},"type":"graph","xaxis":{"buckets":null,"mode":"time","name":null,"show":true,"values":[]},"yaxes":[{"format":"decbytes","label":null,"logBase":1,"max":null,"min":null,"show":true},{"format":"decbytes","label":null,"logBase":1,"max":null,"min":null,"show":true}],"yaxis":{"align":false,"alignLevel":null}},{"aliasColors":{},"bars":true,"dashLength":10,"dashes":false,"datasource":"ProductionMonitor","fill":1,"gridPos":{"h":7,"w":24,"x":0,"y":11},"id":15,"legend":{"alignAsTable":true,"avg":false,"current":true,"max":false,"min":false,"rightSide":true,"show":true,"total":false,"values":true},"lines":false,"linewidth":1,"links":[],"nullPointMode":"null","paceLength":10,"percentage":false,"pointradius":5,"points":false,"renderer":"flot","seriesOverrides":[],"spaceLength":10,"stack":false,"steppedLine":false,"targets":[{"appInsights":{"groupBy":"none","metricName":"select","rawQuery":false,"rawQueryString":"","spliton":"","timeGrainType":"auto","xaxis":"timestamp","yaxis":""},"azureLogAnalytics":{"query":"//change this example to create your own time series query\n\u003ctable name\u003e                                                              //the table to query (e.g. Usage, Heartbeat, Perf)\n| where $__timeFilter(TimeGenerated)                                      //this is a macro used to show the full chart’s time range, choose the datetime column here\n| summarize count() by \u003cgroup by column\u003e, bin(TimeGenerated, $__interval) //change “group by column” to a column in your table, such as “Computer”. The $__interval macro is used to auto-select the time grain. Can also use 1h, 5m etc.\n| order by TimeGenerated asc","resultFormat":"time_series","workspace":"502a68d4-d9e2-4132-8be8-b73119eb3361"},"azureMonitor":{"aggOptions":["Total"],"aggregation":"Total","alias":"{{dimensionvalue}}","dimension":"BackendSettingsPool","dimensionFilter":"*","dimensions":[{"text":"None","value":"None"},{"text":"BackendPool HttpSettings","value":"BackendSettingsPool"}],"metricDefinition":"Microsoft.Network/applicationGateways","metricName":"TotalRequests","resourceGroup":"prod-prvsrc-rg","resourceName":"prd-ag-sfc-02","timeGrain":"auto","timeGrains":[{"text":"auto","value":"auto"},{"text":"1 minute","value":"PT1M"},{"text":"5 minutes","value":"PT5M"},{"text":"15 minutes","value":"PT15M"},{"text":"30 minutes","value":"PT30M"},{"text":"1 hour","value":"PT1H"},{"text":"6 hours","value":"PT6H"},{"text":"12 hours","value":"PT12H"},{"text":"1 day","value":"P1D"}]},"queryType":"Azure Monitor","refId":"A"}],"thresholds":[],"timeFrom":null,"timeRegions":[],"timeShift":null,"title":"AG Requests","tooltip":{"shared":true,"sort":0,"value_type":"individual"},"type":"graph","xaxis":{"buckets":null,"mode":"time","name":null,"show":true,"values":[]},"yaxes":[{"format":"short","label":null,"logBase":2,"max":null,"min":null,"show":true},{"decimals":null,"format":"short","label":null,"logBase":1,"max":null,"min":null,"show":true}],"yaxis":{"align":false,"alignLevel":null}},{"aliasColors":{},"bars":false,"dashLength":10,"dashes":false,"datasource":"DirectoriesProd","fill":1,"gridPos":{"h":5,"w":12,"x":0,"y":18},"id":25,"legend":{"alignAsTable":true,"avg":false,"current":true,"max":false,"min":false,"rightSide":true,"show":true,"total":false,"values":true},"lines":true,"linewidth":1,"links":[],"nullPointMode":"null","paceLength":10,"percentage":false,"pointradius":5,"points":false,"renderer":"flot","seriesOverrides":[],"spaceLength":10,"stack":false,"steppedLine":false,"targets":[{"appInsights":{"groupBy":"none","metricName":"select","rawQuery":false,"rawQueryString":"","spliton":"","timeGrainType":"auto","xaxis":"timestamp","yaxis":""},"azureLogAnalytics":{"query":"Perf  \n| where CounterName == \"% Processor Time\" and ObjectName == \"Processor\" and InstanceName == \"_Total\"\n| summarize AggregatedValue = avg(CounterValue) by bin(TimeGenerated, 1m), Computer\n| order by TimeGenerated asc","resultFormat":"time_series","workspace":"23618a10-20e2-4998-80a3-495abf24b1a5"},"azureMonitor":{"aggOptions":["None","Average","Minimum","Maximum","Total","Count"],"aggregation":"Total","alias":"{{dimensionvalue}}","dimension":"VMName","dimensionFilter":"*","dimensions":[{"text":"None","value":"None"},{"text":"VMName","value":"VMName"}],"metricDefinition":"Microsoft.Compute/virtualMachineScaleSets","metricName":"Network In Total","resourceGroup":"prod-prvsrc-rg","resourceName":"prdprsr07","timeGrain":"auto","timeGrains":[{"text":"auto","value":"auto"},{"text":"1 minute","value":"PT1M"},{"text":"5 minutes","value":"PT5M"},{"text":"15 minutes","value":"PT15M"},{"text":"30 minutes","value":"PT30M"},{"text":"1 hour","value":"PT1H"},{"text":"6 hours","value":"PT6H"},{"text":"12 hours","value":"PT12H"},{"text":"1 day","value":"P1D"}]},"queryType":"Azure Monitor","refId":"A"}],"thresholds":[],"timeFrom":null,"timeRegions":[],"timeShift":null,"title":"VMSS Network In - prdprsr07","tooltip":{"shared":true,"sort":0,"value_type":"individual"},"type":"graph","xaxis":{"buckets":null,"mode":"time","name":null,"show":true,"values":[]},"yaxes":[{"format":"bits","label":null,"logBase":1,"max":null,"min":null,"show":true},{"format":"decbits","label":null,"logBase":1,"max":null,"min":null,"show":true}],"yaxis":{"align":false,"alignLevel":null}},{"aliasColors":{},"bars":false,"dashLength":10,"dashes":false,"datasource":"DirectoriesProd","fill":1,"gridPos":{"h":5,"w":12,"x":12,"y":18},"id":23,"legend":{"alignAsTable":true,"avg":false,"current":true,"max":false,"min":false,"rightSide":true,"show":true,"total":false,"values":true},"lines":true,"linewidth":1,"links":[],"nullPointMode":"null","paceLength":10,"percentage":false,"pointradius":5,"points":false,"renderer":"flot","seriesOverrides":[],"spaceLength":10,"stack":false,"steppedLine":false,"targets":[{"appInsights":{"groupBy":"none","metricName":"select","rawQuery":false,"rawQueryString":"","spliton":"","timeGrainType":"auto","xaxis":"timestamp","yaxis":""},"azureLogAnalytics":{"query":"Perf  \n| where CounterName == \"% Processor Time\" and ObjectName == \"Processor\" and InstanceName == \"_Total\"\n| summarize AggregatedValue = avg(CounterValue) by bin(TimeGenerated, 1m), Computer\n| order by TimeGenerated asc","resultFormat":"time_series","workspace":"23618a10-20e2-4998-80a3-495abf24b1a5"},"azureMonitor":{"aggOptions":["None","Average","Minimum","Maximum","Total","Count"],"aggregation":"Total","alias":"{{dimensionvalue}}","dimension":"VMName","dimensionFilter":"*","dimensions":[{"text":"None","value":"None"},{"text":"VMName","value":"VMName"}],"metricDefinition":"Microsoft.Compute/virtualMachineScaleSets","metricName":"Network Out Total","resourceGroup":"prod-prvsrc-rg","resourceName":"prdprsr07","timeGrain":"auto","timeGrains":[{"text":"auto","value":"auto"},{"text":"1 minute","value":"PT1M"},{"text":"5 minutes","value":"PT5M"},{"text":"15 minutes","value":"PT15M"},{"text":"30 minutes","value":"PT30M"},{"text":"1 hour","value":"PT1H"},{"text":"6 hours","value":"PT6H"},{"text":"12 hours","value":"PT12H"},{"text":"1 day","value":"P1D"}]},"queryType":"Azure Monitor","refId":"A"}],"thresholds":[],"timeFrom":null,"timeRegions":[],"timeShift":null,"title":"VMSS Network Out - prdprsr07","tooltip":{"shared":true,"sort":0,"value_type":"individual"},"type":"graph","xaxis":{"buckets":null,"mode":"time","name":null,"show":true,"values":[]},"yaxes":[{"format":"bits","label":null,"logBase":1,"max":null,"min":null,"show":true},{"format":"bits","label":null,"logBase":1,"max":null,"min":null,"show":true}],"yaxis":{"align":false,"alignLevel":null}},{"aliasColors":{},"bars":true,"dashLength":10,"dashes":false,"datasource":"DirectoriesProd","fill":1,"gridPos":{"h":5,"w":12,"x":0,"y":23},"id":21,"legend":{"alignAsTable":true,"avg":false,"current":true,"max":false,"min":false,"rightSide":true,"show":true,"total":false,"values":true},"lines":false,"linewidth":1,"links":[],"nullPointMode":"null","paceLength":10,"percentage":false,"pointradius":2,"points":false,"renderer":"flot","seriesOverrides":[],"spaceLength":10,"stack":false,"steppedLine":false,"targets":[{"appInsights":{"groupBy":"none","metricName":"select","rawQuery":false,"rawQueryString":"","spliton":"","timeGrainType":"auto","xaxis":"timestamp","yaxis":""},"azureLogAnalytics":{"query":"//change this example to create your own time series query\n\u003ctable name\u003e                                                              //the table to query (e.g. Usage, Heartbeat, Perf)\n| where $__timeFilter(TimeGenerated)                                      //this is a macro used to show the full chart’s time range, choose the datetime column here\n| summarize count() by \u003cgroup by column\u003e, bin(TimeGenerated, $__interval) //change “group by column” to a column in your table, such as “Computer”. The $__interval macro is used to auto-select the time grain. Can also use 1h, 5m etc.\n| order by TimeGenerated asc","resultFormat":"time_series","workspace":"502a68d4-d9e2-4132-8be8-b73119eb3361"},"azureMonitor":{"aggOptions":["None","Average","Minimum","Maximum","Total","Count"],"aggregation":"Total","dimension":"None","dimensionFilter":"*","dimensions":[{"text":"None","value":"None"},{"text":"VMName","value":"VMName"}],"metricDefinition":"Microsoft.Compute/virtualMachineScaleSets","metricName":"Disk Read Bytes","resourceGroup":"prod-prvsrc-rg","resourceName":"prdprsr07","timeGrain":"auto","timeGrains":[{"text":"auto","value":"auto"},{"text":"1 minute","value":"PT1M"},{"text":"5 minutes","value":"PT5M"},{"text":"15 minutes","value":"PT15M"},{"text":"30 minutes","value":"PT30M"},{"text":"1 hour","value":"PT1H"},{"text":"6 hours","value":"PT6H"},{"text":"12 hours","value":"PT12H"},{"text":"1 day","value":"P1D"}]},"queryType":"Azure Monitor","refId":"A"},{"appInsights":{"groupBy":"none","metricName":"select","rawQuery":false,"rawQueryString":"","spliton":"","timeGrainType":"auto","xaxis":"timestamp","yaxis":""},"azureLogAnalytics":{"query":"//change this example to create your own time series query\n\u003ctable name\u003e                                                              //the table to query (e.g. Usage, Heartbeat, Perf)\n| where $__timeFilter(TimeGenerated)                                      //this is a macro used to show the full chart’s time range, choose the datetime column here\n| summarize count() by \u003cgroup by column\u003e, bin(TimeGenerated, $__interval) //change “group by column” to a column in your table, such as “Computer”. The $__interval macro is used to auto-select the time grain. Can also use 1h, 5m etc.\n| order by TimeGenerated asc","resultFormat":"time_series","workspace":"502a68d4-d9e2-4132-8be8-b73119eb3361"},"azureMonitor":{"aggOptions":["None","Average","Minimum","Maximum","Total","Count"],"aggregation":"Total","dimension":"None","dimensionFilter":"*","dimensions":[{"text":"None","value":"None"},{"text":"VMName","value":"VMName"}],"metricDefinition":"Microsoft.Compute/virtualMachineScaleSets","metricName":"Disk Write Bytes","resourceGroup":"prod-prvsrc-rg","resourceName":"prdprsr07","timeGrain":"auto","timeGrains":[{"text":"auto","value":"auto"},{"text":"1 minute","value":"PT1M"},{"text":"5 minutes","value":"PT5M"},{"text":"15 minutes","value":"PT15M"},{"text":"30 minutes","value":"PT30M"},{"text":"1 hour","value":"PT1H"},{"text":"6 hours","value":"PT6H"},{"text":"12 hours","value":"PT12H"},{"text":"1 day","value":"P1D"}]},"queryType":"Azure Monitor","refId":"B"}],"thresholds":[],"timeFrom":null,"timeRegions":[],"timeShift":null,"title":"Disk Operations","tooltip":{"shared":true,"sort":0,"value_type":"individual"},"type":"graph","xaxis":{"buckets":null,"mode":"time","name":null,"show":true,"values":[]},"yaxes":[{"format":"decbytes","label":null,"logBase":1,"max":null,"min":null,"show":true},{"format":"decbytes","label":null,"logBase":1,"max":null,"min":null,"show":true}],"yaxis":{"align":false,"alignLevel":null}},{"aliasColors":{},"bars":true,"dashLength":10,"dashes":false,"datasource":"DirectoriesProd","fill":1,"gridPos":{"h":5,"w":24,"x":0,"y":28},"id":19,"legend":{"alignAsTable":true,"avg":false,"current":true,"max":false,"min":false,"rightSide":true,"show":true,"total":false,"values":true},"lines":false,"linewidth":1,"links":[],"nullPointMode":"null","paceLength":10,"percentage":false,"pointradius":5,"points":false,"renderer":"flot","seriesOverrides":[],"spaceLength":10,"stack":false,"steppedLine":false,"targets":[{"appInsights":{"aggOptions":["sum"],"aggregation":"sum","alias":"","groupBy":"none","groupByOptions":["exception/problemId","exception/handledAt","exception/type","exception/assembly","exception/method","exception/severityLevel","operation/name","operation/synthetic","operation/syntheticSource","user/authenticated","application/version","client/type","client/model","client/os","client/city","client/stateOrProvince","client/countryOrRegion","client/browser","cloud/roleName","cloud/roleInstance","customDimensions/EventId.Id","customDimensions/RequestPath","customDimensions/LogLevel","customDimensions/ServiceFabric.NodeName","customDimensions/ServiceFabric.ApplicationName","customDimensions/AspNetCoreEnvironment","customDimensions/SourceContext","customDimensions/RenderedMessage","customDimensions/MessageTemplate","customDimensions/handledAt","customDimensions/RequestId","customDimensions/ServiceFabric.ServiceTypeName","customDimensions/ServiceFabric.ServiceName","customDimensions/ServiceFabric.PartitionId","customDimensions/ServiceFabric.InstanceId","customDimensions/ServiceFabric.ApplicationTypeName","customDimensions/ai.snapshot.version","customDimensions/ai.snapshot.stampid","customDimensions/ai.snapshot.id"],"metricName":"exceptions/count","rawQuery":false,"rawQueryString":"","spliton":"","timeGrainType":"auto","xaxis":"timestamp","yaxis":""},"azureLogAnalytics":{"query":"//change this example to create your own time series query\n\u003ctable name\u003e                                                              //the table to query (e.g. Usage, Heartbeat, Perf)\n| where $__timeFilter(TimeGenerated)                                      //this is a macro used to show the full chart’s time range, choose the datetime column here\n| summarize count() by \u003cgroup by column\u003e, bin(TimeGenerated, $__interval) //change “group by column” to a column in your table, such as “Computer”. The $__interval macro is used to auto-select the time grain. Can also use 1h, 5m etc.\n| order by TimeGenerated asc","resultFormat":"time_series","workspace":"502a68d4-d9e2-4132-8be8-b73119eb3361"},"azureMonitor":{"dimensionFilter":"*","metricDefinition":"select","metricName":"select","resourceGroup":"select","resourceName":"select","timeGrain":"auto"},"queryType":"Application Insights","refId":"A"}],"thresholds":[],"timeFrom":null,"timeRegions":[],"timeShift":null,"title":"Exceptions","tooltip":{"shared":true,"sort":0,"value_type":"individual"},"type":"graph","xaxis":{"buckets":null,"mode":"time","name":null,"show":true,"values":[]},"yaxes":[{"format":"short","label":null,"logBase":1,"max":null,"min":null,"show":true},{"format":"short","label":null,"logBase":1,"max":null,"min":null,"show":true}],"yaxis":{"align":false,"alignLevel":null}},{"aliasColors":{},"bars":true,"dashLength":10,"dashes":false,"datasource":"DirectoriesProd","fill":1,"gridPos":{"h":5,"w":24,"x":0,"y":33},"hideTimeOverride":true,"id":1,"legend":{"alignAsTable":true,"avg":false,"current":true,"max":false,"min":false,"rightSide":true,"show":true,"total":false,"values":true},"lines":false,"linewidth":1,"links":[{"type":"dashboard"}],"nullPointMode":"null","paceLength":10,"percentage":false,"pointradius":5,"points":false,"renderer":"flot","seriesOverrides":[],"spaceLength":10,"stack":false,"steppedLine":false,"targets":[{"appInsights":{"aggOptions":["sum"],"aggregation":"sum","alias":"Success/{{groupbyvalue}}","groupBy":"request/success","groupByOptions":["request/source","request/name","request/urlHost","request/urlPath","request/success","request/resultCode","request/performanceBucket","operation/name","operation/synthetic","operation/syntheticSource","user/authenticated","application/version","client/type","client/model","client/os","client/city","client/stateOrProvince","client/countryOrRegion","client/browser","cloud/roleName","cloud/roleInstance","customDimensions/ServiceFabric.PartitionId","customDimensions/_MS.ProcessedByMetricExtractors","customDimensions/AspNetCoreEnvironment","customDimensions/ServiceFabric.ApplicationName","customDimensions/ServiceFabric.NodeName","customDimensions/ServiceFabric.ApplicationTypeName","customDimensions/ServiceFabric.InstanceId","customDimensions/ServiceFabric.ServiceName","customDimensions/ServiceFabric.ServiceTypeName"],"metricName":"requests/failed","rawQuery":false,"rawQueryString":"","spliton":"","timeGrainType":"auto","xaxis":"timestamp","yaxis":""},"azureLogAnalytics":{"query":"//change this example to create your own time series query\n\u003ctable name\u003e                                                              //the table to query (e.g. Usage, Heartbeat, Perf)\n| where $__timeFilter(TimeGenerated)                                      //this is a macro used to show the full chart’s time range, choose the datetime column here\n| summarize count() by \u003cgroup by column\u003e, bin(TimeGenerated, $__interval) //change “group by column” to a column in your table, such as “Computer”. The $__interval macro is used to auto-select the time grain. Can also use 1h, 5m etc.\n| order by TimeGenerated asc","resultFormat":"time_series","workspace":"502a68d4-d9e2-4132-8be8-b73119eb3361"},"azureMonitor":{"dimensionFilter":"*","metricDefinition":"select","metricName":"select","resourceGroup":"select","resourceName":"select","timeGrain":"PT1M"},"hide":false,"queryType":"Application Insights","refId":"B"},{"appInsights":{"aggOptions":["sum"],"aggregation":"sum","alias":"Failure/{{groupbyvalue}}","groupBy":"customDimensions/TriggerID","groupByOptions":["request/source","request/name","request/urlHost","request/urlPath","request/success","request/resultCode","request/performanceBucket","operation/name","operation/synthetic","operation/syntheticSource","user/authenticated","application/version","client/type","client/model","client/os","client/city","client/stateOrProvince","client/countryOrRegion","client/browser","cloud/roleName","cloud/roleInstance","customDimensions/ServiceFabric.PartitionId","customDimensions/_MS.ProcessedByMetricExtractors","customDimensions/AspNetCoreEnvironment","customDimensions/ServiceFabric.ApplicationName","customDimensions/ServiceFabric.NodeName","customDimensions/ServiceFabric.ApplicationTypeName","customDimensions/ServiceFabric.InstanceId","customDimensions/ServiceFabric.ServiceName","customDimensions/ServiceFabric.ServiceTypeName"],"metricName":"requests/count","rawQuery":false,"rawQueryString":"","spliton":"","timeGrain":"1","timeGrainType":"specific","timeGrainUnit":"minute","xaxis":"timestamp","yaxis":""},"azureLogAnalytics":{"query":"//change this example to create your own time series query\n\u003ctable name\u003e                                                              //the table to query (e.g. Usage, Heartbeat, Perf)\n| where $__timeFilter(TimeGenerated)                                      //this is a macro used to show the full chart’s time range, choose the datetime column here\n| summarize count() by \u003cgroup by column\u003e, bin(TimeGenerated, $__interval) //change “group by column” to a column in your table, such as “Computer”. The $__interval macro is used to auto-select the time grain. Can also use 1h, 5m etc.\n| order by TimeGenerated asc","resultFormat":"time_series","workspace":"502a68d4-d9e2-4132-8be8-b73119eb3361"},"azureMonitor":{"dimension":"","dimensionFilter":"*","dimensions":[],"metricDefinition":"select","metricName":"select","resourceGroup":"","resourceName":"select","timeGrain":"PT1M"},"hide":false,"queryType":"Application Insights","refId":"A"},{"appInsights":{"aggOptions":["sum"],"aggregation":"sum","groupBy":"none","groupByOptions":["exception/problemId","exception/handledAt","exception/type","exception/assembly","exception/method","exception/severityLevel","operation/name","operation/synthetic","operation/syntheticSource","user/authenticated","application/version","client/type","client/model","client/os","client/city","client/stateOrProvince","client/countryOrRegion","client/browser","cloud/roleName","cloud/roleInstance","customDimensions/ServiceFabric.ApplicationName","customDimensions/ServiceFabric.NodeName","customDimensions/AspNetCoreEnvironment","customDimensions/ServiceFabric.ApplicationTypeName","customDimensions/ServiceFabric.InstanceId","customDimensions/ServiceFabric.ServiceName","customDimensions/ServiceFabric.ServiceTypeName","customDimensions/ServiceFabric.PartitionId","customDimensions/MessageTemplate","customDimensions/RenderedMessage","customDimensions/SourceContext","customDimensions/LogLevel","customDimensions/handledAt","customDimensions/RequestPath","customDimensions/ai.snapshot.version","customDimensions/EventId.Id","customDimensions/RequestId","customDimensions/ai.snapshot.stampid","customDimensions/ai.snapshot.id","customDimensions/url"],"metricName":"exceptions/server","rawQuery":false,"rawQueryString":"","spliton":"","timeGrainType":"auto","xaxis":"timestamp","yaxis":""},"azureLogAnalytics":{"query":"//change this example to create your own time series query\n\u003ctable name\u003e                                                              //the table to query (e.g. Usage, Heartbeat, Perf)\n| where $__timeFilter(TimeGenerated)                                      //this is a macro used to show the full chart’s time range, choose the datetime column here\n| summarize count() by \u003cgroup by column\u003e, bin(TimeGenerated, $__interval) //change “group by column” to a column in your table, such as “Computer”. The $__interval macro is used to auto-select the time grain. Can also use 1h, 5m etc.\n| order by TimeGenerated asc","resultFormat":"time_series","workspace":"502a68d4-d9e2-4132-8be8-b73119eb3361"},"azureMonitor":{"dimensionFilter":"*","metricDefinition":"select","metricName":"select","resourceGroup":"select","resourceName":"select","timeGrain":"auto"},"queryType":"Application Insights","refId":"C"}],"thresholds":[],"timeFrom":"2h","timeRegions":[],"timeShift":null,"title":"Directories Requests","tooltip":{"shared":true,"sort":0,"value_type":"individual"},"type":"graph","xaxis":{"buckets":null,"mode":"time","name":null,"show":true,"values":[]},"yaxes":[{"format":"short","label":null,"logBase":1,"max":null,"min":null,"show":true},{"format":"short","label":null,"logBase":1,"max":null,"min":null,"show":true}],"yaxis":{"align":false,"alignLevel":null}}],"refresh":"1m","schemaVersion":18,"style":"dark","tags":["Ameritas","Directories","Production","Service Fabric"],"templating":{"list":[{"allValue":null,"current":{"isNone":true,"text":"None","value":""},"datasource":"ProductionMonitor","definition":"","hide":0,"includeAll":false,"label":null,"multi":true,"name":"Requests","options":[],"query":"","refresh":1,"regex":"","skipUrlSync":false,"sort":0,"tagValuesQuery":"","tags":[],"tagsQuery":"","type":"query","useTags":false}]},"time":{"from":"now-24h","to":"now"},"timepicker":{"refresh_intervals":["5s","10s","30s","1m","5m","15m","30m","1h","2h","1d"],"time_options":["5m","15m","1h","6h","12h","24h","2d","7d","30d"]},"timezone":"","title":"PROD Directories","uid":"aeJ7lICmz","version":17}}