{"meta":{"type":"db","canSave":true,"canEdit":true,"canAdmin":true,"canStar":true,"slug":"sit-resource-group","url":"/d/vMjbrhQik/sit-resource-group","expires":"0001-01-01T00:00:00Z","created":"2019-01-16T20:06:04Z","updated":"2019-06-14T19:50:59Z","updatedBy":"patrick.delosreyes@azureadminquestanalytics.onmicrosoft.com","createdBy":"admin","version":30,"hasAcl":false,"isFolder":false,"folderId":68,"folderTitle":"Resource Groups","folderUrl":"/dashboards/f/OFljAhnZz/resource-groups","provisioned":false,"provisionedExternalId":""},"dashboard":{"annotations":{"list":[{"builtIn":1,"datasource":"-- Grafana --","enable":true,"hide":true,"iconColor":"rgba(0, 211, 255, 1)","name":"Annotations \u0026 Alerts","type":"dashboard"}]},"editable":true,"gnetId":null,"graphTooltip":0,"id":32,"iteration":1560541798383,"links":[],"panels":[{"aliasColors":{},"bars":true,"dashLength":10,"dashes":false,"datasource":"SIT Monitor","fill":1,"gridPos":{"h":8,"w":24,"x":0,"y":0},"id":24,"legend":{"alignAsTable":true,"avg":false,"current":true,"max":false,"min":false,"rightSide":true,"show":true,"total":false,"values":true},"lines":false,"linewidth":1,"links":[],"nullPointMode":"null","percentage":false,"pointradius":2,"points":false,"renderer":"flot","seriesOverrides":[],"spaceLength":10,"stack":false,"steppedLine":false,"targets":[{"appInsights":{"aggOptions":["avg","min","max","sum","count"],"aggregation":"sum","alias":"{{groupbyvalue}}","groupBy":"customDimensions/QueueName","groupByOptions":["dependency/target","dependency/type","dependency/name","dependency/success","dependency/resultCode","dependency/performanceBucket","operation/name","operation/synthetic","operation/syntheticSource","user/authenticated","application/version","client/type","client/model","client/os","client/city","client/stateOrProvince","client/countryOrRegion","client/browser","cloud/roleName","cloud/roleInstance","customDimensions/_MS.ProcessedByMetricExtractors","customDimensions/QueueName"],"metricName":"dependencies/duration","rawQuery":false,"rawQueryString":"","spliton":"","timeGrainType":"auto","xaxis":"timestamp","yaxis":""},"azureLogAnalytics":{"query":"//change this example to create your own time series query\n\u003ctable name\u003e                                                              //the table to query (e.g. Usage, Heartbeat, Perf)\n| where $__timeFilter(TimeGenerated)                                      //this is a macro used to show the full chart’s time range, choose the datetime column here\n| summarize count() by \u003cgroup by column\u003e, bin(TimeGenerated, $__interval) //change “group by column” to a column in your table, such as “Computer”. The $__interval macro is used to auto-select the time grain. Can also use 1h, 5m etc.\n| order by TimeGenerated asc","resultFormat":"time_series","workspace":"f79b2607-d524-41e9-8812-b708a31e0469"},"azureMonitor":{"dimensionFilter":"*","metricDefinition":"select","metricName":"select","resourceGroup":"select","resourceName":"select","timeGrain":"auto"},"queryType":"Application Insights","refId":"A"}],"thresholds":[],"timeFrom":null,"timeRegions":[],"timeShift":null,"title":"Worker Roles - Dependencies Duration","tooltip":{"shared":true,"sort":0,"value_type":"individual"},"transparent":true,"type":"graph","xaxis":{"buckets":null,"mode":"time","name":null,"show":true,"values":[]},"yaxes":[{"format":"ms","label":null,"logBase":1,"max":null,"min":null,"show":true},{"format":"ms","label":null,"logBase":1,"max":null,"min":null,"show":true}],"yaxis":{"align":false,"alignLevel":null}},{"aliasColors":{},"bars":false,"dashLength":10,"dashes":false,"datasource":"$RG","decimals":null,"description":"","fill":1,"gridPos":{"h":8,"w":24,"x":0,"y":8},"id":20,"legend":{"alignAsTable":true,"avg":false,"current":true,"max":false,"min":false,"rightSide":true,"show":true,"total":false,"values":true},"lines":true,"linewidth":1,"links":[],"nullPointMode":"null","percentage":false,"pointradius":2,"points":false,"renderer":"flot","seriesOverrides":[],"spaceLength":10,"stack":false,"steppedLine":false,"targets":[{"appInsights":{"aggOptions":["avg","min","max","count"],"aggregation":"min","alias":"{{groupbyvalue}}","groupBy":"customDimensions/QueueName","groupByOptions":["performanceCounter/name","performanceCounter/category","performanceCounter/counter","performanceCounter/instance","operation/name","operation/synthetic","operation/syntheticSource","user/authenticated","application/version","client/type","client/model","client/os","client/city","client/stateOrProvince","client/countryOrRegion","client/browser","cloud/roleName","cloud/roleInstance","customDimensions/QueueName"],"metricName":"performanceCounters/memoryAvailableBytes","rawQuery":false,"rawQueryString":"","spliton":"","timeGrainType":"auto","xaxis":"timestamp","yaxis":""},"azureLogAnalytics":{"query":"//change this example to create your own time series query\n\u003ctable name\u003e                                                              //the table to query (e.g. Usage, Heartbeat, Perf)\n| where $__timeFilter(TimeGenerated)                                      //this is a macro used to show the full chart’s time range, choose the datetime column here\n| summarize count() by \u003cgroup by column\u003e, bin(TimeGenerated, $__interval) //change “group by column” to a column in your table, such as “Computer”. The $__interval macro is used to auto-select the time grain. Can also use 1h, 5m etc.\n| order by TimeGenerated asc","resultFormat":"time_series","workspace":"f79b2607-d524-41e9-8812-b708a31e0469"},"azureMonitor":{"dimension":"","dimensionFilter":"*","dimensions":[],"metricDefinition":"select","metricName":"select","resourceGroup":"questsit","resourceName":"select","timeGrain":"auto"},"queryType":"Application Insights","refId":"A"},{"appInsights":{"aggOptions":["sum"],"aggregation":"sum","groupBy":"none","groupByOptions":["request/source","request/name","request/urlHost","request/urlPath","request/success","request/resultCode","request/performanceBucket","operation/name","operation/synthetic","operation/syntheticSource","user/authenticated","application/version","client/type","client/model","client/os","client/city","client/stateOrProvince","client/countryOrRegion","client/browser","cloud/roleName","cloud/roleInstance","customDimensions/_MS.ProcessedByMetricExtractors"],"metricName":"requests/count","rawQuery":false,"rawQueryString":"","spliton":"","timeGrainType":"auto","xaxis":"timestamp","yaxis":""},"azureLogAnalytics":{"query":"//change this example to create your own time series query\n\u003ctable name\u003e                                                              //the table to query (e.g. Usage, Heartbeat, Perf)\n| where $__timeFilter(TimeGenerated)                                      //this is a macro used to show the full chart’s time range, choose the datetime column here\n| summarize count() by \u003cgroup by column\u003e, bin(TimeGenerated, $__interval) //change “group by column” to a column in your table, such as “Computer”. The $__interval macro is used to auto-select the time grain. Can also use 1h, 5m etc.\n| order by TimeGenerated asc","resultFormat":"time_series","workspace":"f79b2607-d524-41e9-8812-b708a31e0469"},"azureMonitor":{"dimension":"","dimensionFilter":"*","dimensions":[],"metricDefinition":"select","metricName":"select","resourceGroup":"questsit","resourceName":"select","timeGrain":"auto"},"hide":true,"queryType":"Application Insights","refId":"B"},{"appInsights":{"aggOptions":["avg","min","max","count"],"aggregation":"avg","groupBy":"none","groupByOptions":["performanceCounter/name","performanceCounter/category","performanceCounter/counter","performanceCounter/instance","operation/name","operation/synthetic","operation/syntheticSource","user/authenticated","application/version","client/type","client/model","client/os","client/city","client/stateOrProvince","client/countryOrRegion","client/browser","cloud/roleName","cloud/roleInstance"],"metricName":"performanceCounters/requestsInQueue","rawQuery":false,"rawQueryString":"","spliton":"","timeGrainType":"auto","xaxis":"timestamp","yaxis":""},"azureLogAnalytics":{"query":"//change this example to create your own time series query\n\u003ctable name\u003e                                                              //the table to query (e.g. Usage, Heartbeat, Perf)\n| where $__timeFilter(TimeGenerated)                                      //this is a macro used to show the full chart’s time range, choose the datetime column here\n| summarize count() by \u003cgroup by column\u003e, bin(TimeGenerated, $__interval) //change “group by column” to a column in your table, such as “Computer”. The $__interval macro is used to auto-select the time grain. Can also use 1h, 5m etc.\n| order by TimeGenerated asc","resultFormat":"time_series","workspace":"f79b2607-d524-41e9-8812-b708a31e0469"},"azureMonitor":{"dimension":"","dimensionFilter":"*","dimensions":[],"metricDefinition":"select","metricName":"select","resourceGroup":"questsit","resourceName":"select","timeGrain":"auto"},"hide":true,"queryType":"Application Insights","refId":"C"},{"appInsights":{"aggOptions":["sum"],"aggregation":"sum","groupBy":"none","groupByOptions":["customEvent/name","operation/name","operation/synthetic","operation/syntheticSource","user/authenticated","application/version","client/type","client/model","client/os","client/city","client/stateOrProvince","client/countryOrRegion","client/browser","cloud/roleName","cloud/roleInstance","customDimensions/EventName","customDimensions/EnablingExtensionVersion","customDimensions/SnapshotCollectorConfiguration","customDimensions/HeartbeatInterval","customDimensions/ProcessId","customDimensions/Unhealthy","customDimensions/Configuration","customDimensions/Reason"],"metricName":"customEvents/count","rawQuery":false,"rawQueryString":"","spliton":"","timeGrainType":"auto","xaxis":"timestamp","yaxis":""},"azureLogAnalytics":{"query":"//change this example to create your own time series query\n\u003ctable name\u003e                                                              //the table to query (e.g. Usage, Heartbeat, Perf)\n| where $__timeFilter(TimeGenerated)                                      //this is a macro used to show the full chart’s time range, choose the datetime column here\n| summarize count() by \u003cgroup by column\u003e, bin(TimeGenerated, $__interval) //change “group by column” to a column in your table, such as “Computer”. The $__interval macro is used to auto-select the time grain. Can also use 1h, 5m etc.\n| order by TimeGenerated asc","resultFormat":"time_series","workspace":"f79b2607-d524-41e9-8812-b708a31e0469"},"azureMonitor":{"dimension":"","dimensionFilter":"*","dimensions":[],"metricDefinition":"select","metricName":"select","resourceGroup":"questsit","resourceName":"select","timeGrain":"auto"},"hide":true,"queryType":"Application Insights","refId":"D"},{"appInsights":{"aggOptions":["avg","min","max","count"],"aggregation":"avg","groupBy":"none","groupByOptions":["performanceCounter/name","performanceCounter/category","performanceCounter/counter","performanceCounter/instance","operation/name","operation/synthetic","operation/syntheticSource","user/authenticated","application/version","client/type","client/model","client/os","client/city","client/stateOrProvince","client/countryOrRegion","client/browser","cloud/roleName","cloud/roleInstance"],"metricName":"performanceCounters/requestsInQueue","rawQuery":false,"rawQueryString":"","spliton":"","timeGrainType":"auto","xaxis":"timestamp","yaxis":""},"azureLogAnalytics":{"query":"//change this example to create your own time series query\n\u003ctable name\u003e                                                              //the table to query (e.g. Usage, Heartbeat, Perf)\n| where $__timeFilter(TimeGenerated)                                      //this is a macro used to show the full chart’s time range, choose the datetime column here\n| summarize count() by \u003cgroup by column\u003e, bin(TimeGenerated, $__interval) //change “group by column” to a column in your table, such as “Computer”. The $__interval macro is used to auto-select the time grain. Can also use 1h, 5m etc.\n| order by TimeGenerated asc","resultFormat":"time_series","workspace":"f79b2607-d524-41e9-8812-b708a31e0469"},"azureMonitor":{"dimension":"","dimensionFilter":"*","dimensions":[],"metricDefinition":"select","metricName":"select","resourceGroup":"questsit","resourceName":"select","timeGrain":"auto"},"hide":true,"queryType":"Application Insights","refId":"E"}],"thresholds":[],"timeFrom":null,"timeRegions":[],"timeShift":null,"title":"Worker Roles - Available Memory","tooltip":{"shared":true,"sort":0,"value_type":"individual"},"transparent":true,"type":"graph","xaxis":{"buckets":null,"mode":"time","name":null,"show":true,"values":[]},"yaxes":[{"decimals":null,"format":"decbytes","label":null,"logBase":1,"max":null,"min":null,"show":true},{"decimals":null,"format":"decbytes","label":null,"logBase":1,"max":null,"min":null,"show":true}],"yaxis":{"align":false,"alignLevel":null}},{"aliasColors":{},"bars":false,"dashLength":10,"dashes":false,"datasource":"SIT Monitor","fill":1,"gridPos":{"h":8,"w":24,"x":0,"y":16},"id":18,"legend":{"alignAsTable":true,"avg":false,"current":true,"max":false,"min":false,"rightSide":true,"show":true,"total":false,"values":true},"lines":true,"linewidth":1,"links":[],"nullPointMode":"null","percentage":false,"pointradius":2,"points":false,"renderer":"flot","seriesOverrides":[],"spaceLength":10,"stack":false,"steppedLine":false,"targets":[{"appInsights":{"aggOptions":["avg","min","max","count"],"aggregation":"avg","alias":"Process - {{groupbyvalue}}","groupBy":"customDimensions/QueueName","groupByOptions":["performanceCounter/name","performanceCounter/category","performanceCounter/counter","performanceCounter/instance","operation/name","operation/synthetic","operation/syntheticSource","user/authenticated","application/version","client/type","client/model","client/os","client/city","client/stateOrProvince","client/countryOrRegion","client/browser","cloud/roleName","cloud/roleInstance","customDimensions/QueueName"],"metricName":"performanceCounters/processCpuPercentage","rawQuery":false,"rawQueryString":"","spliton":"","timeGrainType":"auto","xaxis":"timestamp","yaxis":""},"azureLogAnalytics":{"query":"//change this example to create your own time series query\n\u003ctable name\u003e                                                              //the table to query (e.g. Usage, Heartbeat, Perf)\n| where $__timeFilter(TimeGenerated)                                      //this is a macro used to show the full chart’s time range, choose the datetime column here\n| summarize count() by \u003cgroup by column\u003e, bin(TimeGenerated, $__interval) //change “group by column” to a column in your table, such as “Computer”. The $__interval macro is used to auto-select the time grain. Can also use 1h, 5m etc.\n| order by TimeGenerated asc","resultFormat":"time_series","workspace":"f79b2607-d524-41e9-8812-b708a31e0469"},"azureMonitor":{"aggOptions":["Average"],"aggregation":"Average","dimension":"","dimensionFilter":"*","dimensions":[],"metricDefinition":"Microsoft.Storage/storageAccounts/queueServices","metricName":"QueueCount","resourceGroup":"questsit","resourceName":"questsit/default","timeGrain":"auto","timeGrains":[{"text":"auto","value":"auto"},{"text":"1 hour","value":"PT1H"}]},"hide":true,"queryType":"Application Insights","refId":"A"},{"appInsights":{"aggOptions":["avg","min","max","count"],"aggregation":"max","alias":"Processor - {{groupbyvalue}}","groupBy":"customDimensions/QueueName","groupByOptions":["performanceCounter/name","performanceCounter/category","performanceCounter/counter","performanceCounter/instance","operation/name","operation/synthetic","operation/syntheticSource","user/authenticated","application/version","client/type","client/model","client/os","client/city","client/stateOrProvince","client/countryOrRegion","client/browser","cloud/roleName","cloud/roleInstance","customDimensions/QueueName"],"metricName":"performanceCounters/processorCpuPercentage","rawQuery":false,"rawQueryString":"","spliton":"","timeGrain":"","timeGrainType":"auto","timeGrainUnit":"minute","xaxis":"timestamp","yaxis":""},"azureLogAnalytics":{"query":"//change this example to create your own time series query\n\u003ctable name\u003e                                                              //the table to query (e.g. Usage, Heartbeat, Perf)\n| where $__timeFilter(TimeGenerated)                                      //this is a macro used to show the full chart’s time range, choose the datetime column here\n| summarize count() by \u003cgroup by column\u003e, bin(TimeGenerated, $__interval) //change “group by column” to a column in your table, such as “Computer”. The $__interval macro is used to auto-select the time grain. Can also use 1h, 5m etc.\n| order by TimeGenerated asc","resultFormat":"time_series","workspace":"f79b2607-d524-41e9-8812-b708a31e0469"},"azureMonitor":{"dimensionFilter":"*","metricDefinition":"select","metricName":"select","resourceGroup":"select","resourceName":"select","timeGrain":"auto"},"queryType":"Application Insights","refId":"B"},{"appInsights":{"aggOptions":["avg","min","max","count"],"aggregation":"avg","groupBy":"none","groupByOptions":["performanceCounter/name","performanceCounter/category","performanceCounter/counter","performanceCounter/instance","operation/name","operation/synthetic","operation/syntheticSource","user/authenticated","application/version","client/type","client/model","client/os","client/city","client/stateOrProvince","client/countryOrRegion","client/browser","cloud/roleName","cloud/roleInstance"],"metricName":"performanceCounters/processCpuPercentageTotal","rawQuery":false,"rawQueryString":"","spliton":"","timeGrainType":"auto","xaxis":"timestamp","yaxis":""},"azureLogAnalytics":{"query":"//change this example to create your own time series query\n\u003ctable name\u003e                                                              //the table to query (e.g. Usage, Heartbeat, Perf)\n| where $__timeFilter(TimeGenerated)                                      //this is a macro used to show the full chart’s time range, choose the datetime column here\n| summarize count() by \u003cgroup by column\u003e, bin(TimeGenerated, $__interval) //change “group by column” to a column in your table, such as “Computer”. The $__interval macro is used to auto-select the time grain. Can also use 1h, 5m etc.\n| order by TimeGenerated asc","resultFormat":"time_series","workspace":"f79b2607-d524-41e9-8812-b708a31e0469"},"azureMonitor":{"dimensionFilter":"*","metricDefinition":"select","metricName":"select","resourceGroup":"select","resourceName":"select","timeGrain":"auto"},"hide":true,"queryType":"Application Insights","refId":"C"},{"appInsights":{"aggOptions":["avg","count"],"aggregation":"avg","groupBy":"none","groupByOptions":["availabilityResult/name","availabilityResult/location","availabilityResult/success","operation/name","operation/synthetic","operation/syntheticSource","user/authenticated","application/version","client/type","client/model","client/os","client/city","client/stateOrProvince","client/countryOrRegion","client/browser","cloud/roleName","cloud/roleInstance","customDimensions/FullTestResultAvailable","customDimensions/WebtestArmResourceName","customDimensions/SyntheticMonitorId","customDimensions/WebtestLocationId","customDimensions/SourceId"],"metricName":"availabilityResults/availabilityPercentage","rawQuery":false,"rawQueryString":"","spliton":"","timeGrainType":"auto","xaxis":"timestamp","yaxis":""},"azureLogAnalytics":{"query":"//change this example to create your own time series query\n\u003ctable name\u003e                                                              //the table to query (e.g. Usage, Heartbeat, Perf)\n| where $__timeFilter(TimeGenerated)                                      //this is a macro used to show the full chart’s time range, choose the datetime column here\n| summarize count() by \u003cgroup by column\u003e, bin(TimeGenerated, $__interval) //change “group by column” to a column in your table, such as “Computer”. The $__interval macro is used to auto-select the time grain. Can also use 1h, 5m etc.\n| order by TimeGenerated asc","resultFormat":"time_series","workspace":"f79b2607-d524-41e9-8812-b708a31e0469"},"azureMonitor":{"dimensionFilter":"*","metricDefinition":"select","metricName":"select","resourceGroup":"select","resourceName":"select","timeGrain":"auto"},"hide":true,"queryType":"Application Insights","refId":"D"},{"appInsights":{"aggOptions":["avg","count"],"aggregation":"avg","groupBy":"none","groupByOptions":["availabilityResult/name","availabilityResult/location","availabilityResult/success","operation/name","operation/synthetic","operation/syntheticSource","user/authenticated","application/version","client/type","client/model","client/os","client/city","client/stateOrProvince","client/countryOrRegion","client/browser","cloud/roleName","cloud/roleInstance","customDimensions/FullTestResultAvailable","customDimensions/WebtestArmResourceName","customDimensions/SyntheticMonitorId","customDimensions/WebtestLocationId","customDimensions/SourceId"],"metricName":"availabilityResults/availabilityPercentage","rawQuery":false,"rawQueryString":"","spliton":"","timeGrainType":"auto","xaxis":"timestamp","yaxis":""},"azureLogAnalytics":{"query":"//change this example to create your own time series query\n\u003ctable name\u003e                                                              //the table to query (e.g. Usage, Heartbeat, Perf)\n| where $__timeFilter(TimeGenerated)                                      //this is a macro used to show the full chart’s time range, choose the datetime column here\n| summarize count() by \u003cgroup by column\u003e, bin(TimeGenerated, $__interval) //change “group by column” to a column in your table, such as “Computer”. The $__interval macro is used to auto-select the time grain. Can also use 1h, 5m etc.\n| order by TimeGenerated asc","resultFormat":"time_series","workspace":"f79b2607-d524-41e9-8812-b708a31e0469"},"azureMonitor":{"dimensionFilter":"*","metricDefinition":"select","metricName":"select","resourceGroup":"select","resourceName":"select","timeGrain":"auto"},"hide":true,"queryType":"Application Insights","refId":"E"}],"thresholds":[],"timeFrom":null,"timeRegions":[],"timeShift":null,"title":"Worker Roles - CPU","tooltip":{"shared":true,"sort":0,"value_type":"individual"},"transparent":true,"type":"graph","xaxis":{"buckets":null,"mode":"time","name":null,"show":true,"values":[]},"yaxes":[{"format":"percent","label":null,"logBase":1,"max":null,"min":null,"show":true},{"format":"percent","label":null,"logBase":1,"max":null,"min":null,"show":true}],"yaxis":{"align":false,"alignLevel":null}},{"aliasColors":{},"bars":false,"dashLength":10,"dashes":false,"datasource":"SIT Monitor","fill":1,"gridPos":{"h":8,"w":24,"x":0,"y":24},"id":25,"legend":{"alignAsTable":true,"avg":false,"current":true,"max":false,"min":false,"rightSide":true,"show":true,"total":false,"values":true},"lines":true,"linewidth":1,"links":[],"nullPointMode":"null","percentage":false,"pointradius":2,"points":false,"renderer":"flot","seriesOverrides":[],"spaceLength":10,"stack":false,"steppedLine":false,"targets":[{"appInsights":{"aggOptions":["avg","min","max","count"],"aggregation":"avg","alias":"Process - {{groupbyvalue}}","groupBy":"customDimensions/QueueName","groupByOptions":["performanceCounter/name","performanceCounter/category","performanceCounter/counter","performanceCounter/instance","operation/name","operation/synthetic","operation/syntheticSource","user/authenticated","application/version","client/type","client/model","client/os","client/city","client/stateOrProvince","client/countryOrRegion","client/browser","cloud/roleName","cloud/roleInstance","customDimensions/QueueName"],"metricName":"performanceCounters/processCpuPercentage","rawQuery":false,"rawQueryString":"","spliton":"","timeGrainType":"auto","xaxis":"timestamp","yaxis":""},"azureLogAnalytics":{"query":"//change this example to create your own time series query\n\u003ctable name\u003e                                                              //the table to query (e.g. Usage, Heartbeat, Perf)\n| where $__timeFilter(TimeGenerated)                                      //this is a macro used to show the full chart’s time range, choose the datetime column here\n| summarize count() by \u003cgroup by column\u003e, bin(TimeGenerated, $__interval) //change “group by column” to a column in your table, such as “Computer”. The $__interval macro is used to auto-select the time grain. Can also use 1h, 5m etc.\n| order by TimeGenerated asc","resultFormat":"time_series","workspace":"f79b2607-d524-41e9-8812-b708a31e0469"},"azureMonitor":{"aggOptions":["Average"],"aggregation":"Average","dimension":"","dimensionFilter":"*","dimensions":[],"metricDefinition":"Microsoft.Storage/storageAccounts/queueServices","metricName":"QueueCount","resourceGroup":"questsit","resourceName":"questsit/default","timeGrain":"auto","timeGrains":[{"text":"auto","value":"auto"},{"text":"1 hour","value":"PT1H"}]},"hide":true,"queryType":"Application Insights","refId":"A"},{"appInsights":{"aggOptions":["avg","min","max","count"],"aggregation":"max","alias":"Exceptions - {{groupbyvalue}}","groupBy":"customDimensions/QueueName","groupByOptions":["performanceCounter/name","performanceCounter/category","performanceCounter/counter","performanceCounter/instance","operation/name","operation/synthetic","operation/syntheticSource","user/authenticated","application/version","client/type","client/model","client/os","client/city","client/stateOrProvince","client/countryOrRegion","client/browser","cloud/roleName","cloud/roleInstance","customDimensions/QueueName"],"metricName":"performanceCounters/exceptionsPerSecond","rawQuery":false,"rawQueryString":"","spliton":"","timeGrain":"1","timeGrainType":"specific","timeGrainUnit":"minute","xaxis":"timestamp","yaxis":""},"azureLogAnalytics":{"query":"//change this example to create your own time series query\n\u003ctable name\u003e                                                              //the table to query (e.g. Usage, Heartbeat, Perf)\n| where $__timeFilter(TimeGenerated)                                      //this is a macro used to show the full chart’s time range, choose the datetime column here\n| summarize count() by \u003cgroup by column\u003e, bin(TimeGenerated, $__interval) //change “group by column” to a column in your table, such as “Computer”. The $__interval macro is used to auto-select the time grain. Can also use 1h, 5m etc.\n| order by TimeGenerated asc","resultFormat":"time_series","workspace":"f79b2607-d524-41e9-8812-b708a31e0469"},"azureMonitor":{"dimensionFilter":"*","metricDefinition":"select","metricName":"select","resourceGroup":"select","resourceName":"select","timeGrain":"auto"},"queryType":"Application Insights","refId":"B"},{"appInsights":{"aggOptions":["avg","min","max","count"],"aggregation":"avg","groupBy":"none","groupByOptions":["performanceCounter/name","performanceCounter/category","performanceCounter/counter","performanceCounter/instance","operation/name","operation/synthetic","operation/syntheticSource","user/authenticated","application/version","client/type","client/model","client/os","client/city","client/stateOrProvince","client/countryOrRegion","client/browser","cloud/roleName","cloud/roleInstance"],"metricName":"performanceCounters/processCpuPercentageTotal","rawQuery":false,"rawQueryString":"","spliton":"","timeGrainType":"auto","xaxis":"timestamp","yaxis":""},"azureLogAnalytics":{"query":"//change this example to create your own time series query\n\u003ctable name\u003e                                                              //the table to query (e.g. Usage, Heartbeat, Perf)\n| where $__timeFilter(TimeGenerated)                                      //this is a macro used to show the full chart’s time range, choose the datetime column here\n| summarize count() by \u003cgroup by column\u003e, bin(TimeGenerated, $__interval) //change “group by column” to a column in your table, such as “Computer”. The $__interval macro is used to auto-select the time grain. Can also use 1h, 5m etc.\n| order by TimeGenerated asc","resultFormat":"time_series","workspace":"f79b2607-d524-41e9-8812-b708a31e0469"},"azureMonitor":{"dimensionFilter":"*","metricDefinition":"select","metricName":"select","resourceGroup":"select","resourceName":"select","timeGrain":"auto"},"hide":true,"queryType":"Application Insights","refId":"C"},{"appInsights":{"aggOptions":["avg","count"],"aggregation":"avg","groupBy":"none","groupByOptions":["availabilityResult/name","availabilityResult/location","availabilityResult/success","operation/name","operation/synthetic","operation/syntheticSource","user/authenticated","application/version","client/type","client/model","client/os","client/city","client/stateOrProvince","client/countryOrRegion","client/browser","cloud/roleName","cloud/roleInstance","customDimensions/FullTestResultAvailable","customDimensions/WebtestArmResourceName","customDimensions/SyntheticMonitorId","customDimensions/WebtestLocationId","customDimensions/SourceId"],"metricName":"availabilityResults/availabilityPercentage","rawQuery":false,"rawQueryString":"","spliton":"","timeGrainType":"auto","xaxis":"timestamp","yaxis":""},"azureLogAnalytics":{"query":"//change this example to create your own time series query\n\u003ctable name\u003e                                                              //the table to query (e.g. Usage, Heartbeat, Perf)\n| where $__timeFilter(TimeGenerated)                                      //this is a macro used to show the full chart’s time range, choose the datetime column here\n| summarize count() by \u003cgroup by column\u003e, bin(TimeGenerated, $__interval) //change “group by column” to a column in your table, such as “Computer”. The $__interval macro is used to auto-select the time grain. Can also use 1h, 5m etc.\n| order by TimeGenerated asc","resultFormat":"time_series","workspace":"f79b2607-d524-41e9-8812-b708a31e0469"},"azureMonitor":{"dimensionFilter":"*","metricDefinition":"select","metricName":"select","resourceGroup":"select","resourceName":"select","timeGrain":"auto"},"hide":true,"queryType":"Application Insights","refId":"D"},{"appInsights":{"aggOptions":["avg","count"],"aggregation":"avg","groupBy":"none","groupByOptions":["availabilityResult/name","availabilityResult/location","availabilityResult/success","operation/name","operation/synthetic","operation/syntheticSource","user/authenticated","application/version","client/type","client/model","client/os","client/city","client/stateOrProvince","client/countryOrRegion","client/browser","cloud/roleName","cloud/roleInstance","customDimensions/FullTestResultAvailable","customDimensions/WebtestArmResourceName","customDimensions/SyntheticMonitorId","customDimensions/WebtestLocationId","customDimensions/SourceId"],"metricName":"availabilityResults/availabilityPercentage","rawQuery":false,"rawQueryString":"","spliton":"","timeGrainType":"auto","xaxis":"timestamp","yaxis":""},"azureLogAnalytics":{"query":"//change this example to create your own time series query\n\u003ctable name\u003e                                                              //the table to query (e.g. Usage, Heartbeat, Perf)\n| where $__timeFilter(TimeGenerated)                                      //this is a macro used to show the full chart’s time range, choose the datetime column here\n| summarize count() by \u003cgroup by column\u003e, bin(TimeGenerated, $__interval) //change “group by column” to a column in your table, such as “Computer”. The $__interval macro is used to auto-select the time grain. Can also use 1h, 5m etc.\n| order by TimeGenerated asc","resultFormat":"time_series","workspace":"f79b2607-d524-41e9-8812-b708a31e0469"},"azureMonitor":{"dimensionFilter":"*","metricDefinition":"select","metricName":"select","resourceGroup":"select","resourceName":"select","timeGrain":"auto"},"hide":true,"queryType":"Application Insights","refId":"E"}],"thresholds":[],"timeFrom":null,"timeRegions":[],"timeShift":null,"title":"Worker Roles - Exceptions","tooltip":{"shared":true,"sort":0,"value_type":"individual"},"transparent":true,"type":"graph","xaxis":{"buckets":null,"mode":"time","name":null,"show":true,"values":[]},"yaxes":[{"format":"opm","label":null,"logBase":1,"max":null,"min":null,"show":true},{"format":"opm","label":null,"logBase":1,"max":null,"min":null,"show":true}],"yaxis":{"align":false,"alignLevel":null}},{"cacheTimeout":null,"colorBackground":true,"colorValue":false,"colors":["#bf1b00","rgba(237, 129, 40, 0)","rgba(212, 74, 58, 0)"],"datasource":"DevelopmentMonitor","format":"none","gauge":{"maxValue":1,"minValue":0,"show":true,"thresholdLabels":true,"thresholdMarkers":false},"gridPos":{"h":6,"w":4,"x":0,"y":32},"id":4,"interval":null,"links":[],"mappingType":1,"mappingTypes":[{"name":"value to text","value":1},{"name":"range to text","value":2}],"maxDataPoints":100,"nullPointMode":"connected","nullText":null,"postfix":"","postfixFontSize":"50%","prefix":"","prefixFontSize":"50%","rangeMaps":[{"from":"null","text":"N/A","to":"null"}],"sparkline":{"fillColor":"rgba(31, 118, 189, 0.18)","full":false,"lineColor":"rgb(31, 120, 193)","show":false},"tableColumn":"","targets":[{"appInsights":{"groupBy":"none","metricName":"select","rawQuery":false,"rawQueryString":"","spliton":"","timeGrainType":"auto","xaxis":"timestamp","yaxis":""},"azureLogAnalytics":{"query":"//change this example to create your own time series query\n\u003ctable name\u003e                                                              //the table to query (e.g. Usage, Heartbeat, Perf)\n| where $__timeFilter(TimeGenerated)                                      //this is a macro used to show the full chart’s time range, choose the datetime column here\n| summarize count() by \u003cgroup by column\u003e, bin(TimeGenerated, $__interval) //change “group by column” to a column in your table, such as “Computer”. The $__interval macro is used to auto-select the time grain. Can also use 1h, 5m etc.\n| order by TimeGenerated asc","resultFormat":"time_series","workspace":"502a68d4-d9e2-4132-8be8-b73119eb3361"},"azureMonitor":{"aggOptions":["Average"],"aggregation":"Average","dimension":"None","dimensionFilter":"*","dimensions":[{"text":"None","value":"None"},{"text":"BackendPool HttpSettings","value":"BackendSettingsPool"}],"metricDefinition":"Microsoft.Network/applicationGateways","metricName":"HealthyHostCount","resourceGroup":"questsit","resourceName":"sit-ag-omnius20-ag-01","timeGrain":"auto","timeGrains":[{"text":"auto","value":"auto"},{"text":"1 minute","value":"PT1M"},{"text":"5 minutes","value":"PT5M"},{"text":"15 minutes","value":"PT15M"},{"text":"30 minutes","value":"PT30M"},{"text":"1 hour","value":"PT1H"},{"text":"6 hours","value":"PT6H"},{"text":"12 hours","value":"PT12H"},{"text":"1 day","value":"P1D"}]},"queryType":"Azure Monitor","refId":"A"}],"thresholds":"1,2","title":"Healthy Nodes","type":"singlestat","valueFontSize":"100%","valueMaps":[{"op":"=","text":"N/A","value":"null"}],"valueName":"current"},{"dashboardFilter":"","dashboardTags":[],"folderId":null,"gridPos":{"h":9,"w":7,"x":5,"y":32},"id":14,"limit":10,"links":[],"nameFilter":"","onlyAlertsOnDashboard":true,"show":"changes","sortOrder":1,"stateFilter":["Array"],"title":"Alerts","transparent":true,"type":"alertlist"},{"aliasColors":{},"bars":false,"dashLength":10,"dashes":false,"datasource":"DevelopmentMonitor","fill":1,"gridPos":{"h":9,"w":12,"x":12,"y":32},"id":6,"legend":{"avg":false,"current":false,"max":false,"min":false,"rightSide":true,"show":true,"total":false,"values":false},"lines":true,"linewidth":1,"links":[],"nullPointMode":"null","paceLength":10,"percentage":false,"pointradius":5,"points":false,"renderer":"flot","seriesOverrides":[],"spaceLength":10,"stack":false,"steppedLine":false,"targets":[{"appInsights":{"groupBy":"none","metricName":"select","rawQuery":false,"rawQueryString":"","spliton":"","timeGrainType":"auto","xaxis":"timestamp","yaxis":""},"azureLogAnalytics":{"query":"//change this example to create your own time series query\n\u003ctable name\u003e                                                              //the table to query (e.g. Usage, Heartbeat, Perf)\n| where $__timeFilter(TimeGenerated)                                      //this is a macro used to show the full chart’s time range, choose the datetime column here\n| summarize count() by \u003cgroup by column\u003e, bin(TimeGenerated, $__interval) //change “group by column” to a column in your table, such as “Computer”. The $__interval macro is used to auto-select the time grain. Can also use 1h, 5m etc.\n| order by TimeGenerated asc","resultFormat":"time_series","workspace":"502a68d4-d9e2-4132-8be8-b73119eb3361"},"azureMonitor":{"aggOptions":["None","Average","Minimum","Maximum","Total","Count"],"aggregation":"Average","alias":"{{resourcename}}","dimension":"None","dimensionFilter":"*","dimensions":[{"text":"None","value":"None"},{"text":"Instance","value":"Instance"}],"metricDefinition":"Microsoft.Web/sites","metricName":"AppConnections","resourceGroup":"questsit","resourceName":"questsit","timeGrain":"auto","timeGrains":[{"text":"auto","value":"auto"},{"text":"1 minute","value":"PT1M"},{"text":"5 minutes","value":"PT5M"},{"text":"15 minutes","value":"PT15M"},{"text":"30 minutes","value":"PT30M"},{"text":"1 hour","value":"PT1H"},{"text":"6 hours","value":"PT6H"},{"text":"12 hours","value":"PT12H"},{"text":"1 day","value":"P1D"}]},"queryType":"Azure Monitor","refId":"A"},{"appInsights":{"groupBy":"none","metricName":"select","rawQuery":false,"rawQueryString":"","spliton":"","timeGrainType":"auto","xaxis":"timestamp","yaxis":""},"azureLogAnalytics":{"query":"//change this example to create your own time series query\n\u003ctable name\u003e                                                              //the table to query (e.g. Usage, Heartbeat, Perf)\n| where $__timeFilter(TimeGenerated)                                      //this is a macro used to show the full chart’s time range, choose the datetime column here\n| summarize count() by \u003cgroup by column\u003e, bin(TimeGenerated, $__interval) //change “group by column” to a column in your table, such as “Computer”. The $__interval macro is used to auto-select the time grain. Can also use 1h, 5m etc.\n| order by TimeGenerated asc","resultFormat":"time_series","workspace":"502a68d4-d9e2-4132-8be8-b73119eb3361"},"azureMonitor":{"aggOptions":["None","Average","Minimum","Maximum","Total","Count"],"aggregation":"Average","alias":"{{resourcename}}","dimension":"None","dimensionFilter":"*","dimensions":[{"text":"None","value":"None"},{"text":"Instance","value":"Instance"}],"metricDefinition":"Microsoft.Web/sites","metricName":"AppConnections","resourceGroup":"questsit","resourceName":"questsit-api","timeGrain":"auto","timeGrains":[{"text":"auto","value":"auto"},{"text":"1 minute","value":"PT1M"},{"text":"5 minutes","value":"PT5M"},{"text":"15 minutes","value":"PT15M"},{"text":"30 minutes","value":"PT30M"},{"text":"1 hour","value":"PT1H"},{"text":"6 hours","value":"PT6H"},{"text":"12 hours","value":"PT12H"},{"text":"1 day","value":"P1D"}]},"queryType":"Azure Monitor","refId":"B"},{"appInsights":{"groupBy":"none","metricName":"select","rawQuery":false,"rawQueryString":"","spliton":"","timeGrainType":"auto","xaxis":"timestamp","yaxis":""},"azureLogAnalytics":{"query":"//change this example to create your own time series query\n\u003ctable name\u003e                                                              //the table to query (e.g. Usage, Heartbeat, Perf)\n| where $__timeFilter(TimeGenerated)                                      //this is a macro used to show the full chart’s time range, choose the datetime column here\n| summarize count() by \u003cgroup by column\u003e, bin(TimeGenerated, $__interval) //change “group by column” to a column in your table, such as “Computer”. The $__interval macro is used to auto-select the time grain. Can also use 1h, 5m etc.\n| order by TimeGenerated asc","resultFormat":"time_series","workspace":"502a68d4-d9e2-4132-8be8-b73119eb3361"},"azureMonitor":{"aggOptions":["None","Average","Minimum","Maximum","Total","Count"],"aggregation":"Average","alias":"{{resourcename}}","dimension":"None","dimensionFilter":"*","dimensions":[{"text":"None","value":"None"},{"text":"Instance","value":"Instance"}],"metricDefinition":"Microsoft.Web/sites","metricName":"AppConnections","resourceGroup":"questsit","resourceName":"questsit-custom","timeGrain":"auto","timeGrains":[{"text":"auto","value":"auto"},{"text":"1 minute","value":"PT1M"},{"text":"5 minutes","value":"PT5M"},{"text":"15 minutes","value":"PT15M"},{"text":"30 minutes","value":"PT30M"},{"text":"1 hour","value":"PT1H"},{"text":"6 hours","value":"PT6H"},{"text":"12 hours","value":"PT12H"},{"text":"1 day","value":"P1D"}]},"queryType":"Azure Monitor","refId":"C"},{"appInsights":{"groupBy":"none","metricName":"select","rawQuery":false,"rawQueryString":"","spliton":"","timeGrainType":"auto","xaxis":"timestamp","yaxis":""},"azureLogAnalytics":{"query":"//change this example to create your own time series query\n\u003ctable name\u003e                                                              //the table to query (e.g. Usage, Heartbeat, Perf)\n| where $__timeFilter(TimeGenerated)                                      //this is a macro used to show the full chart’s time range, choose the datetime column here\n| summarize count() by \u003cgroup by column\u003e, bin(TimeGenerated, $__interval) //change “group by column” to a column in your table, such as “Computer”. The $__interval macro is used to auto-select the time grain. Can also use 1h, 5m etc.\n| order by TimeGenerated asc","resultFormat":"time_series","workspace":"502a68d4-d9e2-4132-8be8-b73119eb3361"},"azureMonitor":{"aggOptions":["None","Average","Minimum","Maximum","Total","Count"],"aggregation":"Average","alias":"{{resourcename}}","dimension":"None","dimensionFilter":"*","dimensions":[{"text":"None","value":"None"},{"text":"Instance","value":"Instance"}],"metricDefinition":"Microsoft.Web/sites","metricName":"AppConnections","resourceGroup":"questsit","resourceName":"questsit-custom-api","timeGrain":"auto","timeGrains":[{"text":"auto","value":"auto"},{"text":"1 minute","value":"PT1M"},{"text":"5 minutes","value":"PT5M"},{"text":"15 minutes","value":"PT15M"},{"text":"30 minutes","value":"PT30M"},{"text":"1 hour","value":"PT1H"},{"text":"6 hours","value":"PT6H"},{"text":"12 hours","value":"PT12H"},{"text":"1 day","value":"P1D"}]},"queryType":"Azure Monitor","refId":"D"}],"thresholds":[],"timeFrom":null,"timeRegions":[],"timeShift":null,"title":"Connections","tooltip":{"shared":true,"sort":0,"value_type":"individual"},"type":"graph","xaxis":{"buckets":null,"mode":"time","name":null,"show":true,"values":[]},"yaxes":[{"format":"short","label":null,"logBase":1,"max":null,"min":null,"show":true},{"format":"short","label":null,"logBase":1,"max":null,"min":null,"show":true}],"yaxis":{"align":false,"alignLevel":null}},{"aliasColors":{},"bars":false,"dashLength":10,"dashes":false,"datasource":"DevelopmentMonitor","fill":1,"gridPos":{"h":9,"w":12,"x":0,"y":41},"id":10,"legend":{"avg":false,"current":false,"max":false,"min":false,"show":true,"total":false,"values":false},"lines":true,"linewidth":1,"links":[],"nullPointMode":"null","paceLength":10,"percentage":false,"pointradius":5,"points":false,"renderer":"flot","seriesOverrides":[],"spaceLength":10,"stack":false,"steppedLine":false,"targets":[{"appInsights":{"groupBy":"none","metricName":"select","rawQuery":false,"rawQueryString":"","spliton":"","timeGrainType":"auto","xaxis":"timestamp","yaxis":""},"azureLogAnalytics":{"query":"//change this example to create your own time series query\n\u003ctable name\u003e                                                              //the table to query (e.g. Usage, Heartbeat, Perf)\n| where $__timeFilter(TimeGenerated)                                      //this is a macro used to show the full chart’s time range, choose the datetime column here\n| summarize count() by \u003cgroup by column\u003e, bin(TimeGenerated, $__interval) //change “group by column” to a column in your table, such as “Computer”. The $__interval macro is used to auto-select the time grain. Can also use 1h, 5m etc.\n| order by TimeGenerated asc","resultFormat":"time_series","workspace":"502a68d4-d9e2-4132-8be8-b73119eb3361"},"azureMonitor":{"aggOptions":["Total"],"aggregation":"Total","alias":"{{resourcename}}","dimension":"","dimensionFilter":"*","dimensions":[],"metricDefinition":"Microsoft.Network/applicationGateways","metricName":"Throughput","resourceGroup":"questsit","resourceName":"sit-ag-omnius20-ag-01","timeGrain":"auto","timeGrains":[{"text":"auto","value":"auto"},{"text":"1 minute","value":"PT1M"}]},"queryType":"Azure Monitor","refId":"A"}],"thresholds":[],"timeFrom":null,"timeRegions":[],"timeShift":null,"title":"Application Gateway Throughput","tooltip":{"shared":true,"sort":0,"value_type":"individual"},"type":"graph","xaxis":{"buckets":null,"mode":"time","name":null,"show":true,"values":[]},"yaxes":[{"format":"short","label":null,"logBase":1,"max":null,"min":null,"show":true},{"format":"short","label":null,"logBase":1,"max":null,"min":null,"show":true}],"yaxis":{"align":false,"alignLevel":null}},{"aliasColors":{},"bars":false,"dashLength":10,"dashes":false,"datasource":"DevelopmentMonitor","fill":1,"gridPos":{"h":7,"w":12,"x":12,"y":41},"id":12,"legend":{"avg":false,"current":true,"hideEmpty":true,"hideZero":true,"max":false,"min":false,"rightSide":true,"show":true,"total":false,"values":true},"lines":true,"linewidth":1,"links":[],"nullPointMode":"null","paceLength":10,"percentage":false,"pointradius":5,"points":false,"renderer":"flot","seriesOverrides":[],"spaceLength":10,"stack":false,"steppedLine":false,"targets":[{"appInsights":{"groupBy":"none","metricName":"select","rawQuery":false,"rawQueryString":"","spliton":"","timeGrainType":"auto","xaxis":"timestamp","yaxis":""},"azureLogAnalytics":{"query":"//change this example to create your own time series query\n\u003ctable name\u003e                                                              //the table to query (e.g. Usage, Heartbeat, Perf)\n| where $__timeFilter(TimeGenerated)                                      //this is a macro used to show the full chart’s time range, choose the datetime column here\n| summarize count() by \u003cgroup by column\u003e, bin(TimeGenerated, $__interval) //change “group by column” to a column in your table, such as “Computer”. The $__interval macro is used to auto-select the time grain. Can also use 1h, 5m etc.\n| order by TimeGenerated asc","resultFormat":"time_series","workspace":"502a68d4-d9e2-4132-8be8-b73119eb3361"},"azureMonitor":{"aggOptions":["Average","Maximum","Minimum"],"aggregation":"Average","alias":"{{resourcename}}","dimension":"","dimensionFilter":"*","dimensions":[],"metricDefinition":"Microsoft.Sql/servers/databases","metricName":"dtu_consumption_percent","resourceGroup":"questsit","resourceName":"questsit/master","timeGrain":"PT1M","timeGrains":[{"text":"auto","value":"auto"},{"text":"1 minute","value":"PT1M"},{"text":"5 minutes","value":"PT5M"},{"text":"15 minutes","value":"PT15M"},{"text":"30 minutes","value":"PT30M"},{"text":"1 hour","value":"PT1H"},{"text":"6 hours","value":"PT6H"},{"text":"12 hours","value":"PT12H"},{"text":"1 day","value":"P1D"}]},"expr":"","format":"time_series","intervalFactor":2,"queryType":"Azure Monitor","refId":"A"},{"appInsights":{"groupBy":"none","metricName":"select","rawQuery":false,"rawQueryString":"","spliton":"","timeGrainType":"auto","xaxis":"timestamp","yaxis":""},"azureLogAnalytics":{"query":"//change this example to create your own time series query\n\u003ctable name\u003e                                                              //the table to query (e.g. Usage, Heartbeat, Perf)\n| where $__timeFilter(TimeGenerated)                                      //this is a macro used to show the full chart’s time range, choose the datetime column here\n| summarize count() by \u003cgroup by column\u003e, bin(TimeGenerated, $__interval) //change “group by column” to a column in your table, such as “Computer”. The $__interval macro is used to auto-select the time grain. Can also use 1h, 5m etc.\n| order by TimeGenerated asc","resultFormat":"time_series","workspace":"502a68d4-d9e2-4132-8be8-b73119eb3361"},"azureMonitor":{"aggOptions":["Average","Maximum","Minimum"],"aggregation":"Average","alias":"{{resourcename}}","dimension":"","dimensionFilter":"*","dimensions":[],"metricDefinition":"Microsoft.Sql/servers/databases","metricName":"dtu_consumption_percent","resourceGroup":"questsit","resourceName":"questsit/OmniusCore","timeGrain":"PT1M","timeGrains":[{"text":"auto","value":"auto"},{"text":"1 minute","value":"PT1M"},{"text":"5 minutes","value":"PT5M"},{"text":"15 minutes","value":"PT15M"},{"text":"30 minutes","value":"PT30M"},{"text":"1 hour","value":"PT1H"},{"text":"6 hours","value":"PT6H"},{"text":"12 hours","value":"PT12H"},{"text":"1 day","value":"P1D"}]},"expr":"","format":"time_series","intervalFactor":2,"queryType":"Azure Monitor","refId":"A"},{"appInsights":{"groupBy":"none","metricName":"select","rawQuery":false,"rawQueryString":"","spliton":"","timeGrainType":"auto","xaxis":"timestamp","yaxis":""},"azureLogAnalytics":{"query":"//change this example to create your own time series query\n\u003ctable name\u003e                                                              //the table to query (e.g. Usage, Heartbeat, Perf)\n| where $__timeFilter(TimeGenerated)                                      //this is a macro used to show the full chart’s time range, choose the datetime column here\n| summarize count() by \u003cgroup by column\u003e, bin(TimeGenerated, $__interval) //change “group by column” to a column in your table, such as “Computer”. The $__interval macro is used to auto-select the time grain. Can also use 1h, 5m etc.\n| order by TimeGenerated asc","resultFormat":"time_series","workspace":"502a68d4-d9e2-4132-8be8-b73119eb3361"},"azureMonitor":{"aggOptions":["Average","Maximum","Minimum"],"aggregation":"Average","alias":"{{resourcename}}","dimension":"","dimensionFilter":"*","dimensions":[],"metricDefinition":"Microsoft.Sql/servers/databases","metricName":"dtu_consumption_percent","resourceGroup":"questsit","resourceName":"questsit/OmniusGeocoder","timeGrain":"PT1M","timeGrains":[{"text":"auto","value":"auto"},{"text":"1 minute","value":"PT1M"},{"text":"5 minutes","value":"PT5M"},{"text":"15 minutes","value":"PT15M"},{"text":"30 minutes","value":"PT30M"},{"text":"1 hour","value":"PT1H"},{"text":"6 hours","value":"PT6H"},{"text":"12 hours","value":"PT12H"},{"text":"1 day","value":"P1D"}]},"expr":"","format":"time_series","intervalFactor":2,"queryType":"Azure Monitor","refId":"A"},{"appInsights":{"groupBy":"none","metricName":"select","rawQuery":false,"rawQueryString":"","spliton":"","timeGrainType":"auto","xaxis":"timestamp","yaxis":""},"azureLogAnalytics":{"query":"//change this example to create your own time series query\n\u003ctable name\u003e                                                              //the table to query (e.g. Usage, Heartbeat, Perf)\n| where $__timeFilter(TimeGenerated)                                      //this is a macro used to show the full chart’s time range, choose the datetime column here\n| summarize count() by \u003cgroup by column\u003e, bin(TimeGenerated, $__interval) //change “group by column” to a column in your table, such as “Computer”. The $__interval macro is used to auto-select the time grain. Can also use 1h, 5m etc.\n| order by TimeGenerated asc","resultFormat":"time_series","workspace":"502a68d4-d9e2-4132-8be8-b73119eb3361"},"azureMonitor":{"aggOptions":["Average","Maximum","Minimum"],"aggregation":"Average","alias":"{{resourcename}}","dimension":"","dimensionFilter":"*","dimensions":[],"metricDefinition":"Microsoft.Sql/servers/databases","metricName":"dtu_consumption_percent","resourceGroup":"questsit","resourceName":"questsit/OmniusNJDOBI","timeGrain":"PT1M","timeGrains":[{"text":"auto","value":"auto"},{"text":"1 minute","value":"PT1M"},{"text":"5 minutes","value":"PT5M"},{"text":"15 minutes","value":"PT15M"},{"text":"30 minutes","value":"PT30M"},{"text":"1 hour","value":"PT1H"},{"text":"6 hours","value":"PT6H"},{"text":"12 hours","value":"PT12H"},{"text":"1 day","value":"P1D"}]},"expr":"","format":"time_series","intervalFactor":2,"queryType":"Azure Monitor","refId":"B"},{"appInsights":{"groupBy":"none","metricName":"select","rawQuery":false,"rawQueryString":"","spliton":"","timeGrainType":"auto","xaxis":"timestamp","yaxis":""},"azureLogAnalytics":{"query":"//change this example to create your own time series query\n\u003ctable name\u003e                                                              //the table to query (e.g. Usage, Heartbeat, Perf)\n| where $__timeFilter(TimeGenerated)                                      //this is a macro used to show the full chart’s time range, choose the datetime column here\n| summarize count() by \u003cgroup by column\u003e, bin(TimeGenerated, $__interval) //change “group by column” to a column in your table, such as “Computer”. The $__interval macro is used to auto-select the time grain. Can also use 1h, 5m etc.\n| order by TimeGenerated asc","resultFormat":"time_series","workspace":"502a68d4-d9e2-4132-8be8-b73119eb3361"},"azureMonitor":{"aggOptions":["Average","Maximum","Minimum"],"aggregation":"Average","alias":"{{resourcename}}","dimension":"","dimensionFilter":"*","dimensions":[],"metricDefinition":"Microsoft.Sql/servers/databases","metricName":"dtu_consumption_percent","resourceGroup":"questsit","resourceName":"questsit/OmniusNYSDOH","timeGrain":"PT1M","timeGrains":[{"text":"auto","value":"auto"},{"text":"1 minute","value":"PT1M"},{"text":"5 minutes","value":"PT5M"},{"text":"15 minutes","value":"PT15M"},{"text":"30 minutes","value":"PT30M"},{"text":"1 hour","value":"PT1H"},{"text":"6 hours","value":"PT6H"},{"text":"12 hours","value":"PT12H"},{"text":"1 day","value":"P1D"}]},"expr":"","format":"time_series","intervalFactor":2,"queryType":"Azure Monitor","refId":"C"},{"appInsights":{"groupBy":"none","metricName":"select","rawQuery":false,"rawQueryString":"","spliton":"","timeGrainType":"auto","xaxis":"timestamp","yaxis":""},"azureLogAnalytics":{"query":"//change this example to create your own time series query\n\u003ctable name\u003e                                                              //the table to query (e.g. Usage, Heartbeat, Perf)\n| where $__timeFilter(TimeGenerated)                                      //this is a macro used to show the full chart’s time range, choose the datetime column here\n| summarize count() by \u003cgroup by column\u003e, bin(TimeGenerated, $__interval) //change “group by column” to a column in your table, such as “Computer”. The $__interval macro is used to auto-select the time grain. Can also use 1h, 5m etc.\n| order by TimeGenerated asc","resultFormat":"time_series","workspace":"502a68d4-d9e2-4132-8be8-b73119eb3361"},"azureMonitor":{"aggOptions":["Average","Maximum","Minimum"],"aggregation":"Average","alias":"{{resourcename}}","dimension":"","dimensionFilter":"*","dimensions":[],"metricDefinition":"Microsoft.Sql/servers/databases","metricName":"dtu_consumption_percent","resourceGroup":"questsit","resourceName":"questsit/OmniusNYSDOH1","timeGrain":"PT1M","timeGrains":[{"text":"auto","value":"auto"},{"text":"1 minute","value":"PT1M"},{"text":"5 minutes","value":"PT5M"},{"text":"15 minutes","value":"PT15M"},{"text":"30 minutes","value":"PT30M"},{"text":"1 hour","value":"PT1H"},{"text":"6 hours","value":"PT6H"},{"text":"12 hours","value":"PT12H"},{"text":"1 day","value":"P1D"}]},"expr":"","format":"time_series","intervalFactor":2,"queryType":"Azure Monitor","refId":"D"},{"appInsights":{"groupBy":"none","metricName":"select","rawQuery":false,"rawQueryString":"","spliton":"","timeGrainType":"auto","xaxis":"timestamp","yaxis":""},"azureLogAnalytics":{"query":"//change this example to create your own time series query\n\u003ctable name\u003e                                                              //the table to query (e.g. Usage, Heartbeat, Perf)\n| where $__timeFilter(TimeGenerated)                                      //this is a macro used to show the full chart’s time range, choose the datetime column here\n| summarize count() by \u003cgroup by column\u003e, bin(TimeGenerated, $__interval) //change “group by column” to a column in your table, such as “Computer”. The $__interval macro is used to auto-select the time grain. Can also use 1h, 5m etc.\n| order by TimeGenerated asc","resultFormat":"time_series","workspace":"502a68d4-d9e2-4132-8be8-b73119eb3361"},"azureMonitor":{"aggOptions":["Average","Maximum","Minimum"],"aggregation":"Average","alias":"{{resourcename}}","dimension":"","dimensionFilter":"*","dimensions":[],"metricDefinition":"Microsoft.Sql/servers/databases","metricName":"dtu_consumption_percent","resourceGroup":"questsit","resourceName":"questsit/OmniusResource","timeGrain":"PT1M","timeGrains":[{"text":"auto","value":"auto"},{"text":"1 minute","value":"PT1M"},{"text":"5 minutes","value":"PT5M"},{"text":"15 minutes","value":"PT15M"},{"text":"30 minutes","value":"PT30M"},{"text":"1 hour","value":"PT1H"},{"text":"6 hours","value":"PT6H"},{"text":"12 hours","value":"PT12H"},{"text":"1 day","value":"P1D"}]},"expr":"","format":"time_series","intervalFactor":2,"queryType":"Azure Monitor","refId":"E"},{"appInsights":{"groupBy":"none","metricName":"select","rawQuery":false,"rawQueryString":"","spliton":"","timeGrainType":"auto","xaxis":"timestamp","yaxis":""},"azureLogAnalytics":{"query":"//change this example to create your own time series query\n\u003ctable name\u003e                                                              //the table to query (e.g. Usage, Heartbeat, Perf)\n| where $__timeFilter(TimeGenerated)                                      //this is a macro used to show the full chart’s time range, choose the datetime column here\n| summarize count() by \u003cgroup by column\u003e, bin(TimeGenerated, $__interval) //change “group by column” to a column in your table, such as “Computer”. The $__interval macro is used to auto-select the time grain. Can also use 1h, 5m etc.\n| order by TimeGenerated asc","resultFormat":"time_series","workspace":"502a68d4-d9e2-4132-8be8-b73119eb3361"},"azureMonitor":{"aggOptions":["Average","Maximum","Minimum"],"aggregation":"Average","alias":"{{resourcename}}","dimension":"","dimensionFilter":"*","dimensions":[],"metricDefinition":"Microsoft.Sql/servers/databases","metricName":"dtu_consumption_percent","resourceGroup":"questsit","resourceName":"questsit/OmniusShared01","timeGrain":"PT1M","timeGrains":[{"text":"auto","value":"auto"},{"text":"1 minute","value":"PT1M"},{"text":"5 minutes","value":"PT5M"},{"text":"15 minutes","value":"PT15M"},{"text":"30 minutes","value":"PT30M"},{"text":"1 hour","value":"PT1H"},{"text":"6 hours","value":"PT6H"},{"text":"12 hours","value":"PT12H"},{"text":"1 day","value":"P1D"}]},"expr":"","format":"time_series","intervalFactor":2,"queryType":"Azure Monitor","refId":"F"},{"appInsights":{"groupBy":"none","metricName":"select","rawQuery":false,"rawQueryString":"","spliton":"","timeGrainType":"auto","xaxis":"timestamp","yaxis":""},"azureLogAnalytics":{"query":"//change this example to create your own time series query\n\u003ctable name\u003e                                                              //the table to query (e.g. Usage, Heartbeat, Perf)\n| where $__timeFilter(TimeGenerated)                                      //this is a macro used to show the full chart’s time range, choose the datetime column here\n| summarize count() by \u003cgroup by column\u003e, bin(TimeGenerated, $__interval) //change “group by column” to a column in your table, such as “Computer”. The $__interval macro is used to auto-select the time grain. Can also use 1h, 5m etc.\n| order by TimeGenerated asc","resultFormat":"time_series","workspace":"502a68d4-d9e2-4132-8be8-b73119eb3361"},"azureMonitor":{"aggOptions":["Average","Maximum","Minimum"],"aggregation":"Average","alias":"{{resourcename}}","dimension":"","dimensionFilter":"*","dimensions":[],"metricDefinition":"Microsoft.Sql/servers/databases","metricName":"dtu_consumption_percent","resourceGroup":"questsit","resourceName":"questsit/OmniusShared02","timeGrain":"PT1M","timeGrains":[{"text":"auto","value":"auto"},{"text":"1 minute","value":"PT1M"},{"text":"5 minutes","value":"PT5M"},{"text":"15 minutes","value":"PT15M"},{"text":"30 minutes","value":"PT30M"},{"text":"1 hour","value":"PT1H"},{"text":"6 hours","value":"PT6H"},{"text":"12 hours","value":"PT12H"},{"text":"1 day","value":"P1D"}]},"expr":"","format":"time_series","intervalFactor":2,"queryType":"Azure Monitor","refId":"G"},{"appInsights":{"groupBy":"none","metricName":"select","rawQuery":false,"rawQueryString":"","spliton":"","timeGrainType":"auto","xaxis":"timestamp","yaxis":""},"azureLogAnalytics":{"query":"//change this example to create your own time series query\n\u003ctable name\u003e                                                              //the table to query (e.g. Usage, Heartbeat, Perf)\n| where $__timeFilter(TimeGenerated)                                      //this is a macro used to show the full chart’s time range, choose the datetime column here\n| summarize count() by \u003cgroup by column\u003e, bin(TimeGenerated, $__interval) //change “group by column” to a column in your table, such as “Computer”. The $__interval macro is used to auto-select the time grain. Can also use 1h, 5m etc.\n| order by TimeGenerated asc","resultFormat":"time_series","workspace":"502a68d4-d9e2-4132-8be8-b73119eb3361"},"azureMonitor":{"aggOptions":["Average","Maximum","Minimum"],"aggregation":"Average","alias":"{{resourcename}}","dimension":"","dimensionFilter":"*","dimensions":[],"metricDefinition":"Microsoft.Sql/servers/databases","metricName":"dtu_consumption_percent","resourceGroup":"questsit","resourceName":"questsit/OmniusShared03","timeGrain":"PT1M","timeGrains":[{"text":"auto","value":"auto"},{"text":"1 minute","value":"PT1M"},{"text":"5 minutes","value":"PT5M"},{"text":"15 minutes","value":"PT15M"},{"text":"30 minutes","value":"PT30M"},{"text":"1 hour","value":"PT1H"},{"text":"6 hours","value":"PT6H"},{"text":"12 hours","value":"PT12H"},{"text":"1 day","value":"P1D"}]},"expr":"","format":"time_series","hide":true,"intervalFactor":2,"queryType":"Azure Monitor","refId":"H"},{"appInsights":{"groupBy":"none","metricName":"select","rawQuery":false,"rawQueryString":"","spliton":"","timeGrainType":"auto","xaxis":"timestamp","yaxis":""},"azureLogAnalytics":{"query":"//change this example to create your own time series query\n\u003ctable name\u003e                                                              //the table to query (e.g. Usage, Heartbeat, Perf)\n| where $__timeFilter(TimeGenerated)                                      //this is a macro used to show the full chart’s time range, choose the datetime column here\n| summarize count() by \u003cgroup by column\u003e, bin(TimeGenerated, $__interval) //change “group by column” to a column in your table, such as “Computer”. The $__interval macro is used to auto-select the time grain. Can also use 1h, 5m etc.\n| order by TimeGenerated asc","resultFormat":"time_series","workspace":"502a68d4-d9e2-4132-8be8-b73119eb3361"},"azureMonitor":{"aggOptions":["Average","Maximum","Minimum"],"aggregation":"Average","alias":"{{resourcename}}","dimension":"","dimensionFilter":"*","dimensions":[],"metricDefinition":"Microsoft.Sql/servers/databases","metricName":"dtu_consumption_percent","resourceGroup":"questsit","resourceName":"questsit/OmniusShared04","timeGrain":"PT1M","timeGrains":[{"text":"auto","value":"auto"},{"text":"1 minute","value":"PT1M"},{"text":"5 minutes","value":"PT5M"},{"text":"15 minutes","value":"PT15M"},{"text":"30 minutes","value":"PT30M"},{"text":"1 hour","value":"PT1H"},{"text":"6 hours","value":"PT6H"},{"text":"12 hours","value":"PT12H"},{"text":"1 day","value":"P1D"}]},"expr":"","format":"time_series","hide":true,"intervalFactor":2,"queryType":"Azure Monitor","refId":"I"},{"appInsights":{"groupBy":"none","metricName":"select","rawQuery":false,"rawQueryString":"","spliton":"","timeGrainType":"auto","xaxis":"timestamp","yaxis":""},"azureLogAnalytics":{"query":"//change this example to create your own time series query\n\u003ctable name\u003e                                                              //the table to query (e.g. Usage, Heartbeat, Perf)\n| where $__timeFilter(TimeGenerated)                                      //this is a macro used to show the full chart’s time range, choose the datetime column here\n| summarize count() by \u003cgroup by column\u003e, bin(TimeGenerated, $__interval) //change “group by column” to a column in your table, such as “Computer”. The $__interval macro is used to auto-select the time grain. Can also use 1h, 5m etc.\n| order by TimeGenerated asc","resultFormat":"time_series","workspace":"502a68d4-d9e2-4132-8be8-b73119eb3361"},"azureMonitor":{"aggOptions":["Average","Maximum","Minimum"],"aggregation":"Average","alias":"{{resourcename}}","dimension":"","dimensionFilter":"*","dimensions":[],"metricDefinition":"Microsoft.Sql/servers/databases","metricName":"dtu_consumption_percent","resourceGroup":"questsit","resourceName":"questsit/OmniusWellcare01","timeGrain":"PT1M","timeGrains":[{"text":"auto","value":"auto"},{"text":"1 minute","value":"PT1M"},{"text":"5 minutes","value":"PT5M"},{"text":"15 minutes","value":"PT15M"},{"text":"30 minutes","value":"PT30M"},{"text":"1 hour","value":"PT1H"},{"text":"6 hours","value":"PT6H"},{"text":"12 hours","value":"PT12H"},{"text":"1 day","value":"P1D"}]},"expr":"","format":"time_series","hide":true,"intervalFactor":2,"queryType":"Azure Monitor","refId":"J"},{"appInsights":{"groupBy":"none","metricName":"select","rawQuery":false,"rawQueryString":"","spliton":"","timeGrainType":"auto","xaxis":"timestamp","yaxis":""},"azureLogAnalytics":{"query":"//change this example to create your own time series query\n\u003ctable name\u003e                                                              //the table to query (e.g. Usage, Heartbeat, Perf)\n| where $__timeFilter(TimeGenerated)                                      //this is a macro used to show the full chart’s time range, choose the datetime column here\n| summarize count() by \u003cgroup by column\u003e, bin(TimeGenerated, $__interval) //change “group by column” to a column in your table, such as “Computer”. The $__interval macro is used to auto-select the time grain. Can also use 1h, 5m etc.\n| order by TimeGenerated asc","resultFormat":"time_series","workspace":"502a68d4-d9e2-4132-8be8-b73119eb3361"},"azureMonitor":{"aggOptions":["Average","Maximum","Minimum"],"aggregation":"Average","alias":"{{resourcename}}","dimension":"","dimensionFilter":"*","dimensions":[],"metricDefinition":"Microsoft.Sql/servers/databases","metricName":"dtu_consumption_percent","resourceGroup":"questsit","resourceName":"questsit/SysData201704","timeGrain":"PT1M","timeGrains":[{"text":"auto","value":"auto"},{"text":"1 minute","value":"PT1M"},{"text":"5 minutes","value":"PT5M"},{"text":"15 minutes","value":"PT15M"},{"text":"30 minutes","value":"PT30M"},{"text":"1 hour","value":"PT1H"},{"text":"6 hours","value":"PT6H"},{"text":"12 hours","value":"PT12H"},{"text":"1 day","value":"P1D"}]},"expr":"","format":"time_series","hide":true,"intervalFactor":2,"queryType":"Azure Monitor","refId":"K"},{"appInsights":{"groupBy":"none","metricName":"select","rawQuery":false,"rawQueryString":"","spliton":"","timeGrainType":"auto","xaxis":"timestamp","yaxis":""},"azureLogAnalytics":{"query":"//change this example to create your own time series query\n\u003ctable name\u003e                                                              //the table to query (e.g. Usage, Heartbeat, Perf)\n| where $__timeFilter(TimeGenerated)                                      //this is a macro used to show the full chart’s time range, choose the datetime column here\n| summarize count() by \u003cgroup by column\u003e, bin(TimeGenerated, $__interval) //change “group by column” to a column in your table, such as “Computer”. The $__interval macro is used to auto-select the time grain. Can also use 1h, 5m etc.\n| order by TimeGenerated asc","resultFormat":"time_series","workspace":"502a68d4-d9e2-4132-8be8-b73119eb3361"},"azureMonitor":{"aggOptions":["Average","Maximum","Minimum"],"aggregation":"Average","alias":"{{resourcename}}","dimension":"","dimensionFilter":"*","dimensions":[],"metricDefinition":"Microsoft.Sql/servers/databases","metricName":"dtu_consumption_percent","resourceGroup":"questsit","resourceName":"questsit/SysData201804","timeGrain":"PT1M","timeGrains":[{"text":"auto","value":"auto"},{"text":"1 minute","value":"PT1M"},{"text":"5 minutes","value":"PT5M"},{"text":"15 minutes","value":"PT15M"},{"text":"30 minutes","value":"PT30M"},{"text":"1 hour","value":"PT1H"},{"text":"6 hours","value":"PT6H"},{"text":"12 hours","value":"PT12H"},{"text":"1 day","value":"P1D"}]},"expr":"","format":"time_series","intervalFactor":2,"queryType":"Azure Monitor","refId":"L"}],"thresholds":[],"timeFrom":null,"timeRegions":[],"timeShift":null,"title":"DTU Percentage","tooltip":{"shared":true,"sort":0,"value_type":"individual"},"type":"graph","xaxis":{"buckets":null,"mode":"time","name":null,"rightSide":true,"show":true,"values":[]},"yaxes":[{"format":"short","label":null,"logBase":1,"max":null,"min":null,"rightSide":true,"show":true},{"format":"short","label":null,"logBase":1,"max":null,"min":null,"rightSide":true,"show":true}],"yaxis":{"align":false,"alignLevel":null}},{"columns":[],"datasource":"DevelopmentMonitor","description":"Average Message in Queue / minute","fontSize":"100%","gridPos":{"h":20,"w":12,"x":12,"y":48},"id":16,"links":[],"pageSize":null,"scroll":true,"showHeader":true,"sort":{"col":0,"desc":true},"styles":[{"alias":"Time","dateFormat":"MM/DD/YY h:mm:ss a","link":false,"pattern":"Time","type":"date"},{"alias":"","colorMode":null,"colors":["rgba(245, 54, 54, 0.9)","rgba(237, 129, 40, 0.89)","rgba(50, 172, 45, 0.97)"],"decimals":0,"pattern":"/.*/","thresholds":[],"type":"number","unit":"short"}],"targets":[{"appInsights":{"groupBy":"none","metricName":"select","rawQuery":false,"rawQueryString":"","spliton":"","timeGrainType":"auto","xaxis":"timestamp","yaxis":""},"azureLogAnalytics":{"query":"//change this example to create your own time series query\n\u003ctable name\u003e                                                              //the table to query (e.g. Usage, Heartbeat, Perf)\n| where $__timeFilter(TimeGenerated)                                      //this is a macro used to show the full chart’s time range, choose the datetime column here\n| summarize count() by \u003cgroup by column\u003e, bin(TimeGenerated, $__interval) //change “group by column” to a column in your table, such as “Computer”. The $__interval macro is used to auto-select the time grain. Can also use 1h, 5m etc.\n| order by TimeGenerated asc","resultFormat":"time_series","workspace":"502a68d4-d9e2-4132-8be8-b73119eb3361"},"azureMonitor":{"aggOptions":["None","Average","Minimum","Maximum","Total","Count"],"aggregation":"Total","alias":"{{dimensionvalue}}","dimension":"EntityName","dimensionFilter":"*","dimensions":[{"text":"None","value":"None"},{"text":"EntityName","value":"EntityName"}],"metricDefinition":"Microsoft.ServiceBus/namespaces","metricName":"SuccessfulRequests","resourceGroup":"questsit","resourceName":"questsit-prem","timeGrain":"PT5M","timeGrains":[{"text":"auto","value":"auto"},{"text":"1 minute","value":"PT1M"},{"text":"5 minutes","value":"PT5M"},{"text":"15 minutes","value":"PT15M"},{"text":"30 minutes","value":"PT30M"},{"text":"1 hour","value":"PT1H"},{"text":"6 hours","value":"PT6H"},{"text":"12 hours","value":"PT12H"},{"text":"1 day","value":"P1D"}]},"queryType":"Azure Monitor","refId":"A"}],"title":"Omnius15 Service Bus - Successful Requests","transform":"timeseries_to_columns","type":"table"},{"aliasColors":{},"bars":false,"dashLength":10,"dashes":false,"datasource":"DevelopmentMonitor","fill":1,"gridPos":{"h":9,"w":12,"x":0,"y":50},"id":2,"legend":{"avg":false,"current":false,"max":true,"min":false,"rightSide":true,"show":true,"total":true,"values":true},"lines":true,"linewidth":2,"links":[],"nullPointMode":"null","paceLength":10,"percentage":false,"pointradius":5,"points":false,"renderer":"flot","seriesOverrides":[],"spaceLength":10,"stack":false,"steppedLine":false,"targets":[{"appInsights":{"groupBy":"none","metricName":"select","rawQuery":false,"rawQueryString":"","spliton":"","timeGrainType":"auto","xaxis":"timestamp","yaxis":""},"azureLogAnalytics":{"query":"//change this example to create your own time series query\n\u003ctable name\u003e                                                              //the table to query (e.g. Usage, Heartbeat, Perf)\n| where $__timeFilter(TimeGenerated)                                      //this is a macro used to show the full chart’s time range, choose the datetime column here\n| summarize count() by \u003cgroup by column\u003e, bin(TimeGenerated, $__interval) //change “group by column” to a column in your table, such as “Computer”. The $__interval macro is used to auto-select the time grain. Can also use 1h, 5m etc.\n| order by TimeGenerated asc","resultFormat":"time_series","workspace":"502a68d4-d9e2-4132-8be8-b73119eb3361"},"azureMonitor":{"aggOptions":["Total"],"aggregation":"Total","alias":"{{dimensionvalue}}","dimension":"BackendSettingsPool","dimensionFilter":"*","dimensions":[{"text":"None","value":"None"},{"text":"BackendPool HttpSettings","value":"BackendSettingsPool"}],"metricDefinition":"Microsoft.Network/applicationGateways","metricName":"FailedRequests","resourceGroup":"questsit","resourceName":"sit-ag-omnius20-ag-01","timeGrain":"auto","timeGrains":[{"text":"auto","value":"auto"},{"text":"1 minute","value":"PT1M"},{"text":"5 minutes","value":"PT5M"},{"text":"15 minutes","value":"PT15M"},{"text":"30 minutes","value":"PT30M"},{"text":"1 hour","value":"PT1H"},{"text":"6 hours","value":"PT6H"},{"text":"12 hours","value":"PT12H"},{"text":"1 day","value":"P1D"}]},"queryType":"Azure Monitor","refId":"A"}],"thresholds":[],"timeFrom":null,"timeRegions":[],"timeShift":null,"title":"Failed Requests","tooltip":{"shared":true,"sort":0,"value_type":"individual"},"type":"graph","xaxis":{"buckets":null,"mode":"time","name":null,"show":true,"values":[]},"yaxes":[{"format":"short","label":null,"logBase":1,"max":null,"min":null,"show":true},{"format":"short","label":null,"logBase":1,"max":null,"min":null,"show":true}],"yaxis":{"align":false,"alignLevel":null}},{"aliasColors":{},"bars":false,"dashLength":10,"dashes":false,"datasource":"DevelopmentMonitor","fill":1,"gridPos":{"h":9,"w":12,"x":0,"y":59},"id":8,"legend":{"avg":false,"current":false,"max":false,"min":false,"rightSide":true,"show":true,"total":false,"values":false},"lines":true,"linewidth":1,"links":[],"nullPointMode":"null","paceLength":10,"percentage":false,"pointradius":5,"points":false,"renderer":"flot","seriesOverrides":[],"spaceLength":10,"stack":false,"steppedLine":false,"targets":[{"appInsights":{"groupBy":"none","metricName":"select","rawQuery":false,"rawQueryString":"","spliton":"","timeGrainType":"auto","xaxis":"timestamp","yaxis":""},"azureLogAnalytics":{"query":"//change this example to create your own time series query\n\u003ctable name\u003e                                                              //the table to query (e.g. Usage, Heartbeat, Perf)\n| where $__timeFilter(TimeGenerated)                                      //this is a macro used to show the full chart’s time range, choose the datetime column here\n| summarize count() by \u003cgroup by column\u003e, bin(TimeGenerated, $__interval) //change “group by column” to a column in your table, such as “Computer”. The $__interval macro is used to auto-select the time grain. Can also use 1h, 5m etc.\n| order by TimeGenerated asc","resultFormat":"time_series","workspace":"502a68d4-d9e2-4132-8be8-b73119eb3361"},"azureMonitor":{"aggOptions":["None","Average","Minimum","Maximum","Total","Count"],"aggregation":"Total","alias":"{{resourcename}}","dimension":"None","dimensionFilter":"*","dimensions":[{"text":"None","value":"None"},{"text":"Instance","value":"Instance"}],"metricDefinition":"Microsoft.Web/sites","metricName":"CpuTime","resourceGroup":"questsit","resourceName":"questsit","timeGrain":"auto","timeGrains":[{"text":"auto","value":"auto"},{"text":"1 minute","value":"PT1M"},{"text":"5 minutes","value":"PT5M"},{"text":"15 minutes","value":"PT15M"},{"text":"30 minutes","value":"PT30M"},{"text":"1 hour","value":"PT1H"},{"text":"6 hours","value":"PT6H"},{"text":"12 hours","value":"PT12H"},{"text":"1 day","value":"P1D"}]},"queryType":"Azure Monitor","refId":"A"},{"appInsights":{"groupBy":"none","metricName":"select","rawQuery":false,"rawQueryString":"","spliton":"","timeGrainType":"auto","xaxis":"timestamp","yaxis":""},"azureLogAnalytics":{"query":"//change this example to create your own time series query\n\u003ctable name\u003e                                                              //the table to query (e.g. Usage, Heartbeat, Perf)\n| where $__timeFilter(TimeGenerated)                                      //this is a macro used to show the full chart’s time range, choose the datetime column here\n| summarize count() by \u003cgroup by column\u003e, bin(TimeGenerated, $__interval) //change “group by column” to a column in your table, such as “Computer”. The $__interval macro is used to auto-select the time grain. Can also use 1h, 5m etc.\n| order by TimeGenerated asc","resultFormat":"time_series","workspace":"502a68d4-d9e2-4132-8be8-b73119eb3361"},"azureMonitor":{"aggOptions":["None","Average","Minimum","Maximum","Total","Count"],"aggregation":"Average","alias":"{{resourcename}}","dimension":"None","dimensionFilter":"*","dimensions":[{"text":"None","value":"None"},{"text":"Instance","value":"Instance"}],"metricDefinition":"Microsoft.Web/sites","metricName":"CpuTime","resourceGroup":"questsit","resourceName":"questsit-api","timeGrain":"auto","timeGrains":[{"text":"auto","value":"auto"},{"text":"1 minute","value":"PT1M"},{"text":"5 minutes","value":"PT5M"},{"text":"15 minutes","value":"PT15M"},{"text":"30 minutes","value":"PT30M"},{"text":"1 hour","value":"PT1H"},{"text":"6 hours","value":"PT6H"},{"text":"12 hours","value":"PT12H"},{"text":"1 day","value":"P1D"}]},"queryType":"Azure Monitor","refId":"B"},{"appInsights":{"groupBy":"none","metricName":"select","rawQuery":false,"rawQueryString":"","spliton":"","timeGrainType":"auto","xaxis":"timestamp","yaxis":""},"azureLogAnalytics":{"query":"//change this example to create your own time series query\n\u003ctable name\u003e                                                              //the table to query (e.g. Usage, Heartbeat, Perf)\n| where $__timeFilter(TimeGenerated)                                      //this is a macro used to show the full chart’s time range, choose the datetime column here\n| summarize count() by \u003cgroup by column\u003e, bin(TimeGenerated, $__interval) //change “group by column” to a column in your table, such as “Computer”. The $__interval macro is used to auto-select the time grain. Can also use 1h, 5m etc.\n| order by TimeGenerated asc","resultFormat":"time_series","workspace":"502a68d4-d9e2-4132-8be8-b73119eb3361"},"azureMonitor":{"aggOptions":["None","Average","Minimum","Maximum","Total","Count"],"aggregation":"Total","alias":"{{resourcename}}","dimension":"None","dimensionFilter":"*","dimensions":[{"text":"None","value":"None"},{"text":"Instance","value":"Instance"}],"metricDefinition":"Microsoft.Web/sites","metricName":"CpuTime","resourceGroup":"questsit","resourceName":"questsit-custom","timeGrain":"auto","timeGrains":[{"text":"auto","value":"auto"},{"text":"1 minute","value":"PT1M"},{"text":"5 minutes","value":"PT5M"},{"text":"15 minutes","value":"PT15M"},{"text":"30 minutes","value":"PT30M"},{"text":"1 hour","value":"PT1H"},{"text":"6 hours","value":"PT6H"},{"text":"12 hours","value":"PT12H"},{"text":"1 day","value":"P1D"}]},"queryType":"Azure Monitor","refId":"C"},{"appInsights":{"groupBy":"none","metricName":"select","rawQuery":false,"rawQueryString":"","spliton":"","timeGrainType":"auto","xaxis":"timestamp","yaxis":""},"azureLogAnalytics":{"query":"//change this example to create your own time series query\n\u003ctable name\u003e                                                              //the table to query (e.g. Usage, Heartbeat, Perf)\n| where $__timeFilter(TimeGenerated)                                      //this is a macro used to show the full chart’s time range, choose the datetime column here\n| summarize count() by \u003cgroup by column\u003e, bin(TimeGenerated, $__interval) //change “group by column” to a column in your table, such as “Computer”. The $__interval macro is used to auto-select the time grain. Can also use 1h, 5m etc.\n| order by TimeGenerated asc","resultFormat":"time_series","workspace":"502a68d4-d9e2-4132-8be8-b73119eb3361"},"azureMonitor":{"aggOptions":["None","Average","Minimum","Maximum","Total","Count"],"aggregation":"Total","alias":"{{resourcename}}","dimension":"None","dimensionFilter":"*","dimensions":[{"text":"None","value":"None"},{"text":"Instance","value":"Instance"}],"metricDefinition":"Microsoft.Web/sites","metricName":"CpuTime","resourceGroup":"questsit","resourceName":"questsit-custom-api","timeGrain":"auto","timeGrains":[{"text":"auto","value":"auto"},{"text":"1 minute","value":"PT1M"},{"text":"5 minutes","value":"PT5M"},{"text":"15 minutes","value":"PT15M"},{"text":"30 minutes","value":"PT30M"},{"text":"1 hour","value":"PT1H"},{"text":"6 hours","value":"PT6H"},{"text":"12 hours","value":"PT12H"},{"text":"1 day","value":"P1D"}]},"queryType":"Azure Monitor","refId":"D"}],"thresholds":[],"timeFrom":null,"timeRegions":[],"timeShift":null,"title":"CPU Time","tooltip":{"shared":true,"sort":0,"value_type":"individual"},"type":"graph","xaxis":{"buckets":null,"mode":"time","name":null,"show":true,"values":[]},"yaxes":[{"format":"short","label":null,"logBase":1,"max":null,"min":null,"show":true},{"format":"short","label":null,"logBase":1,"max":null,"min":null,"show":true}],"yaxis":{"align":false,"alignLevel":null}}],"refresh":"10s","schemaVersion":18,"style":"dark","tags":[],"templating":{"list":[{"current":{"tags":[],"text":"SIT Monitor","value":"SIT Monitor"},"hide":0,"includeAll":false,"label":"Resource Group","multi":false,"name":"RG","options":[],"query":"grafana-azure-monitor-datasource","refresh":1,"regex":"","skipUrlSync":false,"type":"datasource"}]},"time":{"from":"now-6h","to":"now"},"timepicker":{"refresh_intervals":["5s","10s","30s","1m","5m","15m","30m","1h","2h","1d"],"time_options":["5m","15m","1h","6h","12h","24h","2d","7d","30d"]},"timezone":"","title":"SIT Resource Group","uid":"vMjbrhQik","version":30}}