{"meta":{"type":"db","canSave":true,"canEdit":true,"canAdmin":true,"canStar":true,"slug":"sit-worker-roles","url":"/d/xHdZJhnWk/sit-worker-roles","expires":"0001-01-01T00:00:00Z","created":"2019-06-14T19:53:40Z","updated":"2019-06-14T20:05:13Z","updatedBy":"patrick.delosreyes@azureadminquestanalytics.onmicrosoft.com","createdBy":"patrick.delosreyes@azureadminquestanalytics.onmicrosoft.com","version":4,"hasAcl":false,"isFolder":false,"folderId":70,"folderTitle":"Worker Roles","folderUrl":"/dashboards/f/97EsJh7Zz/worker-roles","provisioned":false,"provisionedExternalId":""},"dashboard":{"annotations":{"list":[{"builtIn":1,"datasource":"-- Grafana --","enable":true,"hide":true,"iconColor":"rgba(0, 211, 255, 1)","name":"Annotations \u0026 Alerts","type":"dashboard"}]},"editable":true,"gnetId":null,"graphTooltip":0,"id":69,"iteration":1560542654222,"links":[],"panels":[{"aliasColors":{},"bars":false,"dashLength":10,"dashes":false,"datasource":"$DataSource","fill":1,"gridPos":{"h":7,"w":24,"x":0,"y":0},"id":18,"legend":{"alignAsTable":true,"avg":false,"current":true,"max":false,"min":false,"rightSide":true,"show":true,"total":false,"values":true},"lines":true,"linewidth":1,"links":[],"nullPointMode":"null","percentage":false,"pointradius":2,"points":false,"renderer":"flot","seriesOverrides":[],"spaceLength":10,"stack":false,"steppedLine":false,"targets":[{"appInsights":{"aggOptions":["avg","min","max","count"],"aggregation":"max","alias":"Processor - {{groupbyvalue}}","groupBy":"customDimensions/QueueName","groupByOptions":["performanceCounter/name","performanceCounter/category","performanceCounter/counter","performanceCounter/instance","operation/name","operation/synthetic","operation/syntheticSource","user/authenticated","application/version","client/type","client/model","client/os","client/city","client/stateOrProvince","client/countryOrRegion","client/browser","cloud/roleName","cloud/roleInstance","customDimensions/QueueName"],"metricName":"performanceCounters/processorCpuPercentage","rawQuery":false,"rawQueryString":"","spliton":"","timeGrain":"1","timeGrainType":"specific","timeGrainUnit":"minute","xaxis":"timestamp","yaxis":""},"azureLogAnalytics":{"query":"//change this example to create your own time series query\n\u003ctable name\u003e                                                              //the table to query (e.g. Usage, Heartbeat, Perf)\n| where $__timeFilter(TimeGenerated)                                      //this is a macro used to show the full chart’s time range, choose the datetime column here\n| summarize count() by \u003cgroup by column\u003e, bin(TimeGenerated, $__interval) //change “group by column” to a column in your table, such as “Computer”. The $__interval macro is used to auto-select the time grain. Can also use 1h, 5m etc.\n| order by TimeGenerated asc","resultFormat":"time_series","workspace":"f79b2607-d524-41e9-8812-b708a31e0469"},"azureMonitor":{"dimensionFilter":"*","metricDefinition":"select","metricName":"select","resourceGroup":"select","resourceName":"select","timeGrain":"auto"},"queryType":"Application Insights","refId":"B"},{"appInsights":{"aggOptions":["avg","min","max","count"],"aggregation":"avg","groupBy":"none","groupByOptions":["performanceCounter/name","performanceCounter/category","performanceCounter/counter","performanceCounter/instance","operation/name","operation/synthetic","operation/syntheticSource","user/authenticated","application/version","client/type","client/model","client/os","client/city","client/stateOrProvince","client/countryOrRegion","client/browser","cloud/roleName","cloud/roleInstance"],"metricName":"performanceCounters/processCpuPercentageTotal","rawQuery":false,"rawQueryString":"","spliton":"","timeGrainType":"auto","xaxis":"timestamp","yaxis":""},"azureLogAnalytics":{"query":"//change this example to create your own time series query\n\u003ctable name\u003e                                                              //the table to query (e.g. Usage, Heartbeat, Perf)\n| where $__timeFilter(TimeGenerated)                                      //this is a macro used to show the full chart’s time range, choose the datetime column here\n| summarize count() by \u003cgroup by column\u003e, bin(TimeGenerated, $__interval) //change “group by column” to a column in your table, such as “Computer”. The $__interval macro is used to auto-select the time grain. Can also use 1h, 5m etc.\n| order by TimeGenerated asc","resultFormat":"time_series","workspace":"f79b2607-d524-41e9-8812-b708a31e0469"},"azureMonitor":{"dimensionFilter":"*","metricDefinition":"select","metricName":"select","resourceGroup":"select","resourceName":"select","timeGrain":"auto"},"hide":true,"queryType":"Application Insights","refId":"C"}],"thresholds":[],"timeFrom":null,"timeRegions":[],"timeShift":null,"title":"Worker Roles - Max CPU / Minute","tooltip":{"shared":true,"sort":0,"value_type":"individual"},"transparent":true,"type":"graph","xaxis":{"buckets":null,"mode":"time","name":null,"show":true,"values":[]},"yaxes":[{"decimals":null,"format":"percent","label":null,"logBase":1,"max":"100","min":null,"show":true},{"decimals":null,"format":"percent","label":null,"logBase":1,"max":"100","min":null,"show":true}],"yaxis":{"align":false,"alignLevel":null}},{"aliasColors":{},"bars":false,"dashLength":10,"dashes":false,"datasource":"$DataSource","decimals":null,"description":"","fill":1,"gridPos":{"h":7,"w":24,"x":0,"y":7},"id":20,"legend":{"alignAsTable":true,"avg":false,"current":true,"max":false,"min":false,"rightSide":true,"show":true,"total":false,"values":true},"lines":true,"linewidth":1,"links":[],"nullPointMode":"null","percentage":false,"pointradius":2,"points":false,"renderer":"flot","seriesOverrides":[],"spaceLength":10,"stack":false,"steppedLine":false,"targets":[{"appInsights":{"aggOptions":["avg","min","max","count"],"aggregation":"min","alias":"{{groupbyvalue}}","groupBy":"customDimensions/QueueName","groupByOptions":["performanceCounter/name","performanceCounter/category","performanceCounter/counter","performanceCounter/instance","operation/name","operation/synthetic","operation/syntheticSource","user/authenticated","application/version","client/type","client/model","client/os","client/city","client/stateOrProvince","client/countryOrRegion","client/browser","cloud/roleName","cloud/roleInstance","customDimensions/QueueName"],"metricName":"performanceCounters/memoryAvailableBytes","rawQuery":false,"rawQueryString":"","spliton":"","timeGrainType":"auto","xaxis":"timestamp","yaxis":""},"azureLogAnalytics":{"query":"//change this example to create your own time series query\n\u003ctable name\u003e                                                              //the table to query (e.g. Usage, Heartbeat, Perf)\n| where $__timeFilter(TimeGenerated)                                      //this is a macro used to show the full chart’s time range, choose the datetime column here\n| summarize count() by \u003cgroup by column\u003e, bin(TimeGenerated, $__interval) //change “group by column” to a column in your table, such as “Computer”. The $__interval macro is used to auto-select the time grain. Can also use 1h, 5m etc.\n| order by TimeGenerated asc","resultFormat":"time_series","workspace":"f79b2607-d524-41e9-8812-b708a31e0469"},"azureMonitor":{"dimension":"","dimensionFilter":"*","dimensions":[],"metricDefinition":"select","metricName":"select","resourceGroup":"questsit","resourceName":"select","timeGrain":"auto"},"queryType":"Application Insights","refId":"A"},{"appInsights":{"aggOptions":["avg","min","max","count"],"aggregation":"max","alias":"Max Memory - {{groupbyvalue}}","groupBy":"customDimensions/QueueName","groupByOptions":["performanceCounter/name","performanceCounter/category","performanceCounter/counter","performanceCounter/instance","operation/name","operation/synthetic","operation/syntheticSource","user/authenticated","application/version","client/type","client/model","client/os","client/city","client/stateOrProvince","client/countryOrRegion","client/browser","cloud/roleName","cloud/roleInstance","customDimensions/QueueName"],"metricName":"performanceCounters/processPrivateBytes","rawQuery":false,"rawQueryString":"","spliton":"","timeGrainType":"auto","xaxis":"timestamp","yaxis":""},"azureLogAnalytics":{"query":"//change this example to create your own time series query\n\u003ctable name\u003e                                                              //the table to query (e.g. Usage, Heartbeat, Perf)\n| where $__timeFilter(TimeGenerated)                                      //this is a macro used to show the full chart’s time range, choose the datetime column here\n| summarize count() by \u003cgroup by column\u003e, bin(TimeGenerated, $__interval) //change “group by column” to a column in your table, such as “Computer”. The $__interval macro is used to auto-select the time grain. Can also use 1h, 5m etc.\n| order by TimeGenerated asc","resultFormat":"time_series","workspace":"f79b2607-d524-41e9-8812-b708a31e0469"},"azureMonitor":{"dimension":"","dimensionFilter":"*","dimensions":[],"metricDefinition":"select","metricName":"select","resourceGroup":"questsit","resourceName":"select","timeGrain":"auto"},"hide":false,"queryType":"Application Insights","refId":"B"}],"thresholds":[],"timeFrom":null,"timeRegions":[],"timeShift":null,"title":"Worker Roles - Available Memory","tooltip":{"shared":true,"sort":0,"value_type":"individual"},"transparent":true,"type":"graph","xaxis":{"buckets":null,"mode":"time","name":null,"show":true,"values":[]},"yaxes":[{"decimals":null,"format":"decbytes","label":null,"logBase":1,"max":null,"min":null,"show":true},{"decimals":null,"format":"decbytes","label":null,"logBase":1,"max":null,"min":null,"show":true}],"yaxis":{"align":false,"alignLevel":null}},{"aliasColors":{},"bars":true,"dashLength":10,"dashes":false,"datasource":"$DataSource","fill":1,"gridPos":{"h":8,"w":24,"x":0,"y":14},"id":24,"legend":{"alignAsTable":true,"avg":false,"current":true,"max":false,"min":false,"rightSide":true,"show":true,"total":false,"values":true},"lines":false,"linewidth":1,"links":[],"nullPointMode":"null","percentage":false,"pointradius":2,"points":false,"renderer":"flot","seriesOverrides":[],"spaceLength":10,"stack":false,"steppedLine":false,"targets":[{"appInsights":{"aggOptions":["avg","min","max","sum","count"],"aggregation":"sum","alias":"{{groupbyvalue}}","groupBy":"customDimensions/QueueName","groupByOptions":["dependency/target","dependency/type","dependency/name","dependency/success","dependency/resultCode","dependency/performanceBucket","operation/name","operation/synthetic","operation/syntheticSource","user/authenticated","application/version","client/type","client/model","client/os","client/city","client/stateOrProvince","client/countryOrRegion","client/browser","cloud/roleName","cloud/roleInstance","customDimensions/_MS.ProcessedByMetricExtractors","customDimensions/QueueName"],"metricName":"dependencies/duration","rawQuery":false,"rawQueryString":"","spliton":"","timeGrain":"1","timeGrainType":"specific","timeGrainUnit":"minute","xaxis":"timestamp","yaxis":""},"azureLogAnalytics":{"query":"//change this example to create your own time series query\n\u003ctable name\u003e                                                              //the table to query (e.g. Usage, Heartbeat, Perf)\n| where $__timeFilter(TimeGenerated)                                      //this is a macro used to show the full chart’s time range, choose the datetime column here\n| summarize count() by \u003cgroup by column\u003e, bin(TimeGenerated, $__interval) //change “group by column” to a column in your table, such as “Computer”. The $__interval macro is used to auto-select the time grain. Can also use 1h, 5m etc.\n| order by TimeGenerated asc","resultFormat":"time_series","workspace":"f79b2607-d524-41e9-8812-b708a31e0469"},"azureMonitor":{"dimensionFilter":"*","metricDefinition":"select","metricName":"select","resourceGroup":"select","resourceName":"select","timeGrain":"auto"},"queryType":"Application Insights","refId":"A"}],"thresholds":[],"timeFrom":null,"timeRegions":[],"timeShift":null,"title":"Worker Roles - Dependencies Duration / Minute","tooltip":{"shared":true,"sort":0,"value_type":"individual"},"transparent":true,"type":"graph","xaxis":{"buckets":null,"mode":"time","name":null,"show":true,"values":[]},"yaxes":[{"format":"ms","label":null,"logBase":1,"max":null,"min":null,"show":true},{"format":"ms","label":null,"logBase":1,"max":null,"min":null,"show":true}],"yaxis":{"align":false,"alignLevel":null}},{"aliasColors":{},"bars":false,"dashLength":10,"dashes":false,"datasource":"$DataSource","fill":1,"gridPos":{"h":5,"w":24,"x":0,"y":22},"id":25,"legend":{"alignAsTable":true,"avg":false,"current":true,"max":false,"min":false,"rightSide":true,"show":true,"total":false,"values":true},"lines":true,"linewidth":1,"links":[],"nullPointMode":"null","percentage":false,"pointradius":2,"points":false,"renderer":"flot","seriesOverrides":[],"spaceLength":10,"stack":false,"steppedLine":false,"targets":[{"appInsights":{"aggOptions":["avg","min","max","count"],"aggregation":"max","alias":"Exceptions - {{groupbyvalue}}","groupBy":"customDimensions/QueueName","groupByOptions":["performanceCounter/name","performanceCounter/category","performanceCounter/counter","performanceCounter/instance","operation/name","operation/synthetic","operation/syntheticSource","user/authenticated","application/version","client/type","client/model","client/os","client/city","client/stateOrProvince","client/countryOrRegion","client/browser","cloud/roleName","cloud/roleInstance","customDimensions/QueueName"],"metricName":"performanceCounters/exceptionsPerSecond","rawQuery":false,"rawQueryString":"","spliton":"","timeGrain":"1","timeGrainType":"specific","timeGrainUnit":"minute","xaxis":"timestamp","yaxis":""},"azureLogAnalytics":{"query":"//change this example to create your own time series query\n\u003ctable name\u003e                                                              //the table to query (e.g. Usage, Heartbeat, Perf)\n| where $__timeFilter(TimeGenerated)                                      //this is a macro used to show the full chart’s time range, choose the datetime column here\n| summarize count() by \u003cgroup by column\u003e, bin(TimeGenerated, $__interval) //change “group by column” to a column in your table, such as “Computer”. The $__interval macro is used to auto-select the time grain. Can also use 1h, 5m etc.\n| order by TimeGenerated asc","resultFormat":"time_series","workspace":"f79b2607-d524-41e9-8812-b708a31e0469"},"azureMonitor":{"dimensionFilter":"*","metricDefinition":"select","metricName":"select","resourceGroup":"select","resourceName":"select","timeGrain":"auto"},"queryType":"Application Insights","refId":"B"}],"thresholds":[],"timeFrom":null,"timeRegions":[],"timeShift":null,"title":"Worker Roles - Exceptions / Minute","tooltip":{"shared":true,"sort":0,"value_type":"individual"},"transparent":true,"type":"graph","xaxis":{"buckets":null,"mode":"time","name":null,"show":true,"values":[]},"yaxes":[{"format":"opm","label":null,"logBase":1,"max":null,"min":null,"show":true},{"format":"opm","label":null,"logBase":1,"max":null,"min":null,"show":true}],"yaxis":{"align":false,"alignLevel":null}},{"aliasColors":{},"bars":true,"dashLength":10,"dashes":false,"datasource":"$DataSource","decimals":0,"description":"Average Message in Queue / minute","fill":1,"gridPos":{"h":9,"w":24,"x":0,"y":27},"id":27,"legend":{"alignAsTable":true,"avg":false,"current":true,"max":false,"min":false,"rightSide":true,"show":true,"total":false,"values":true},"lines":false,"linewidth":1,"links":[],"nullPointMode":"null","percentage":false,"pointradius":2,"points":false,"renderer":"flot","seriesOverrides":[],"spaceLength":10,"stack":false,"steppedLine":false,"targets":[{"appInsights":{"groupBy":"none","metricName":"select","rawQuery":false,"rawQueryString":"","spliton":"","timeGrainType":"auto","xaxis":"timestamp","yaxis":""},"azureLogAnalytics":{"query":"//change this example to create your own time series query\n\u003ctable name\u003e                                                              //the table to query (e.g. Usage, Heartbeat, Perf)\n| where $__timeFilter(TimeGenerated)                                      //this is a macro used to show the full chart’s time range, choose the datetime column here\n| summarize count() by \u003cgroup by column\u003e, bin(TimeGenerated, $__interval) //change “group by column” to a column in your table, such as “Computer”. The $__interval macro is used to auto-select the time grain. Can also use 1h, 5m etc.\n| order by TimeGenerated asc","resultFormat":"time_series","workspace":"502a68d4-d9e2-4132-8be8-b73119eb3361"},"azureMonitor":{"aggOptions":["None","Average","Minimum","Maximum","Total","Count"],"aggregation":"Total","alias":"Dead-letter Queue - {{dimensionvalue}}","dimension":"EntityName","dimensionFilter":"*","dimensions":[{"text":"None","value":"None"},{"text":"EntityName","value":"EntityName"}],"metricDefinition":"Microsoft.ServiceBus/namespaces","metricName":"OutgoingMessages","resourceGroup":"$ResourceGroup","resourceName":"questsit-prem","timeGrain":"auto","timeGrains":[{"text":"auto","value":"auto"},{"text":"1 minute","value":"PT1M"},{"text":"5 minutes","value":"PT5M"},{"text":"15 minutes","value":"PT15M"},{"text":"30 minutes","value":"PT30M"},{"text":"1 hour","value":"PT1H"},{"text":"6 hours","value":"PT6H"},{"text":"12 hours","value":"PT12H"},{"text":"1 day","value":"P1D"}]},"hide":true,"queryType":"Azure Monitor","refId":"A"},{"appInsights":{"groupBy":"none","metricName":"select","rawQuery":false,"rawQueryString":"","spliton":"","timeGrainType":"auto","xaxis":"timestamp","yaxis":""},"azureLogAnalytics":{"query":"//change this example to create your own time series query\n\u003ctable name\u003e                                                              //the table to query (e.g. Usage, Heartbeat, Perf)\n| where $__timeFilter(TimeGenerated)                                      //this is a macro used to show the full chart’s time range, choose the datetime column here\n| summarize count() by \u003cgroup by column\u003e, bin(TimeGenerated, $__interval) //change “group by column” to a column in your table, such as “Computer”. The $__interval macro is used to auto-select the time grain. Can also use 1h, 5m etc.\n| order by TimeGenerated asc","resultFormat":"time_series","workspace":"502a68d4-d9e2-4132-8be8-b73119eb3361"},"azureMonitor":{"aggOptions":["None","Average","Minimum","Maximum","Total","Count"],"aggregation":"Total","alias":"Incoming Requests - {{dimensionvalue}}","dimension":"EntityName","dimensionFilter":"*","dimensions":[{"text":"None","value":"None"},{"text":"EntityName","value":"EntityName"}],"metricDefinition":"Microsoft.ServiceBus/namespaces","metricName":"IncomingRequests","resourceGroup":"$ResourceGroup","resourceName":"questsit-prem","timeGrain":"auto","timeGrains":[{"text":"auto","value":"auto"},{"text":"1 minute","value":"PT1M"},{"text":"5 minutes","value":"PT5M"},{"text":"15 minutes","value":"PT15M"},{"text":"30 minutes","value":"PT30M"},{"text":"1 hour","value":"PT1H"},{"text":"6 hours","value":"PT6H"},{"text":"12 hours","value":"PT12H"},{"text":"1 day","value":"P1D"}]},"queryType":"Azure Monitor","refId":"B"}],"thresholds":[],"timeFrom":null,"timeRegions":[],"timeShift":null,"title":"Service Bus - Requests","tooltip":{"shared":true,"sort":2,"value_type":"individual"},"transparent":true,"type":"graph","xaxis":{"buckets":null,"mode":"time","name":null,"show":true,"values":[]},"yaxes":[{"decimals":0,"format":"short","label":null,"logBase":1,"max":null,"min":null,"show":true},{"decimals":0,"format":"short","label":null,"logBase":1,"max":null,"min":null,"show":true}],"yaxis":{"align":false,"alignLevel":null}}],"refresh":"10s","schemaVersion":18,"style":"dark","tags":[],"templating":{"list":[{"current":{"text":"ProductionMonitor","value":"ProductionMonitor"},"hide":0,"includeAll":false,"label":"Data Source","multi":false,"name":"DataSource","options":[],"query":"grafana-azure-monitor-datasource","refresh":1,"regex":"/.*(Monitor).*/","skipUrlSync":false,"type":"datasource"},{"allValue":null,"current":{"selected":true,"text":"Default-ServiceBus-WestUS","value":"Default-ServiceBus-WestUS"},"hide":0,"includeAll":false,"label":"Resource Group","multi":false,"name":"ResourceGroup","options":[{"selected":true,"text":"questsit","value":"questsit"},{"selected":false,"text":"Default-ServiceBus-WestUS","value":"Default-ServiceBus-WestUS"}],"query":"questsit,Default-ServiceBus-WestUS","skipUrlSync":false,"type":"custom"},{"allValue":null,"current":{"selected":false,"text":"omnius-prem","value":"omnius-prem"},"hide":0,"includeAll":false,"label":"Resource Name","multi":false,"name":"ResourceName","options":[{"selected":true,"text":"questsit-prem","value":"questsit-prem"},{"selected":false,"text":"omnius-prem","value":"omnius-prem"}],"query":"questsit-prem,omnius-prem","skipUrlSync":false,"type":"custom"}]},"time":{"from":"now-6h","to":"now"},"timepicker":{"refresh_intervals":["5s","10s","30s","1m","5m","15m","30m","1h","2h","1d"],"time_options":["5m","15m","1h","6h","12h","24h","2d","7d","30d"]},"timezone":"","title":"SIT - Worker Roles","uid":"xHdZJhnWk","version":4}}